"cast_id","cast_group","cast_date","start_moon","end_moon","lead_time","model","data_set","portalcasting_version","QAQC","notes"
0,0,NA,NA,NA,NA,NA,NA,NA,FALSE,NA
1,1,"2019-11-15",217,524,12,"AutoArima","all","0.15.0",TRUE,NA
2,1,"2019-11-15",217,524,12,"AutoArima","controls","0.15.0",TRUE,NA
3,1,"2019-11-15",217,524,12,"AutoArima","exclosures","0.15.0",TRUE,NA
4,1,"2019-11-15",217,524,12,"ESSS","all_interp","0.15.0",TRUE,NA
5,1,"2019-11-15",217,524,12,"ESSS","controls_interp","0.15.0",TRUE,NA
6,1,"2019-11-15",217,524,12,"ESSS","exclosures_interp","0.15.0",TRUE,NA
7,1,"2019-11-15",217,524,12,"NaiveArima","all","0.15.0",TRUE,NA
8,1,"2019-11-15",217,524,12,"NaiveArima","controls","0.15.0",TRUE,NA
9,1,"2019-11-15",217,524,12,"NaiveArima","exclosures","0.15.0",TRUE,NA
10,1,"2019-11-15",217,524,12,"nbGARCH","all_interp","0.15.0",TRUE,NA
11,1,"2019-11-15",217,524,12,"nbGARCH","controls_interp","0.15.0",TRUE,NA
12,1,"2019-11-15",217,524,12,"nbGARCH","exclosures_interp","0.15.0",TRUE,NA
13,1,"2019-11-15",217,524,12,"nbsGARCH","all_interp","0.15.0",TRUE,NA
14,1,"2019-11-15",217,524,12,"nbsGARCH","controls_interp","0.15.0",TRUE,NA
15,1,"2019-11-15",217,524,12,"nbsGARCH","exclosures_interp","0.15.0",TRUE,NA
16,1,"2019-11-15",217,524,12,"pevGARCH","all_interp","0.15.0",TRUE,NA
17,1,"2019-11-15",217,524,12,"pevGARCH","controls_interp","0.15.0",TRUE,NA
18,1,"2019-11-15",217,524,12,"pevGARCH","exclosures_interp","0.15.0",TRUE,NA
19,1,"2019-11-15",217,524,12,"simplexEDM","all_interp","0.15.0",TRUE,NA
20,1,"2019-11-15",217,524,12,"simplexEDM","controls_interp","0.15.0",TRUE,NA
21,1,"2019-11-15",217,524,12,"simplexEDM","exclosures_interp","0.15.0",TRUE,NA
22,2,"2019-11-21",217,524,12,"AutoArima","all","0.15.0",TRUE,NA
23,2,"2019-11-21",217,524,12,"AutoArima","controls","0.15.0",TRUE,NA
24,2,"2019-11-21",217,524,12,"AutoArima","exclosures","0.15.0",TRUE,NA
25,2,"2019-11-21",217,524,12,"ESSS","all_interp","0.15.0",TRUE,NA
26,2,"2019-11-21",217,524,12,"ESSS","controls_interp","0.15.0",TRUE,NA
27,2,"2019-11-21",217,524,12,"ESSS","exclosures_interp","0.15.0",TRUE,NA
28,2,"2019-11-21",217,524,12,"jags_RW","all","0.15.0",TRUE,NA
29,2,"2019-11-21",217,524,12,"jags_RW","controls","0.15.0",TRUE,NA
30,2,"2019-11-21",217,524,12,"jags_RW","exclosures","0.15.0",TRUE,NA
31,2,"2019-11-21",217,524,12,"NaiveArima","all","0.15.0",TRUE,NA
32,2,"2019-11-21",217,524,12,"NaiveArima","controls","0.15.0",TRUE,NA
33,2,"2019-11-21",217,524,12,"NaiveArima","exclosures","0.15.0",TRUE,NA
34,2,"2019-11-21",217,524,12,"nbGARCH","all_interp","0.15.0",TRUE,NA
35,2,"2019-11-21",217,524,12,"nbGARCH","controls_interp","0.15.0",TRUE,NA
36,2,"2019-11-21",217,524,12,"nbGARCH","exclosures_interp","0.15.0",TRUE,NA
37,2,"2019-11-21",217,524,12,"nbsGARCH","all_interp","0.15.0",TRUE,NA
38,2,"2019-11-21",217,524,12,"nbsGARCH","controls_interp","0.15.0",TRUE,NA
39,2,"2019-11-21",217,524,12,"nbsGARCH","exclosures_interp","0.15.0",TRUE,NA
40,2,"2019-11-21",217,524,12,"pevGARCH","all_interp","0.15.0",TRUE,NA
41,2,"2019-11-21",217,524,12,"pevGARCH","controls_interp","0.15.0",TRUE,NA
42,2,"2019-11-21",217,524,12,"pevGARCH","exclosures_interp","0.15.0",TRUE,NA
43,2,"2019-11-21",217,524,12,"simplexEDM","all_interp","0.15.0",TRUE,NA
44,2,"2019-11-21",217,524,12,"simplexEDM","controls_interp","0.15.0",TRUE,NA
45,2,"2019-11-21",217,524,12,"simplexEDM","exclosures_interp","0.15.0",TRUE,NA
46,3,"2019-11-22",217,524,12,"AutoArima","all","0.15.0",TRUE,NA
47,3,"2019-11-22",217,524,12,"AutoArima","controls","0.15.0",TRUE,NA
48,3,"2019-11-22",217,524,12,"AutoArima","exclosures","0.15.0",TRUE,NA
49,3,"2019-11-22",217,524,12,"ESSS","all_interp","0.15.0",TRUE,NA
50,3,"2019-11-22",217,524,12,"ESSS","controls_interp","0.15.0",TRUE,NA
51,3,"2019-11-22",217,524,12,"ESSS","exclosures_interp","0.15.0",TRUE,NA
52,3,"2019-11-22",217,524,12,"NaiveArima","all","0.15.0",TRUE,NA
53,3,"2019-11-22",217,524,12,"NaiveArima","controls","0.15.0",TRUE,NA
54,3,"2019-11-22",217,524,12,"NaiveArima","exclosures","0.15.0",TRUE,NA
55,3,"2019-11-22",217,524,12,"nbGARCH","all_interp","0.15.0",TRUE,NA
56,3,"2019-11-22",217,524,12,"nbGARCH","controls_interp","0.15.0",TRUE,NA
57,3,"2019-11-22",217,524,12,"nbGARCH","exclosures_interp","0.15.0",TRUE,NA
58,3,"2019-11-22",217,524,12,"nbsGARCH","all_interp","0.15.0",TRUE,NA
59,3,"2019-11-22",217,524,12,"nbsGARCH","controls_interp","0.15.0",TRUE,NA
60,3,"2019-11-22",217,524,12,"nbsGARCH","exclosures_interp","0.15.0",TRUE,NA
61,3,"2019-11-22",217,524,12,"pevGARCH","all_interp","0.15.0",TRUE,NA
62,3,"2019-11-22",217,524,12,"pevGARCH","controls_interp","0.15.0",TRUE,NA
63,3,"2019-11-22",217,524,12,"pevGARCH","exclosures_interp","0.15.0",TRUE,NA
64,3,"2019-11-22",217,524,12,"simplexEDM","all_interp","0.15.0",TRUE,NA
65,3,"2019-11-22",217,524,12,"simplexEDM","controls_interp","0.15.0",TRUE,NA
66,3,"2019-11-22",217,524,12,"simplexEDM","exclosures_interp","0.15.0",TRUE,NA
67,4,"2019-11-28",217,525,12,"AutoArima","all","0.15.0",TRUE,NA
68,4,"2019-11-28",217,525,12,"AutoArima","controls","0.15.0",TRUE,NA
69,4,"2019-11-28",217,525,12,"AutoArima","exclosures","0.15.0",TRUE,NA
70,4,"2019-11-28",217,525,12,"ESSS","all_interp","0.15.0",TRUE,NA
71,4,"2019-11-28",217,525,12,"ESSS","controls_interp","0.15.0",TRUE,NA
72,4,"2019-11-28",217,525,12,"ESSS","exclosures_interp","0.15.0",TRUE,NA
73,4,"2019-11-28",217,525,12,"jags_RW","all","0.15.0",TRUE,NA
74,4,"2019-11-28",217,525,12,"jags_RW","controls","0.15.0",TRUE,NA
75,4,"2019-11-28",217,525,12,"jags_RW","exclosures","0.15.0",TRUE,NA
76,4,"2019-11-28",217,525,12,"NaiveArima","all","0.15.0",TRUE,NA
77,4,"2019-11-28",217,525,12,"NaiveArima","controls","0.15.0",TRUE,NA
78,4,"2019-11-28",217,525,12,"NaiveArima","exclosures","0.15.0",TRUE,NA
79,4,"2019-11-28",217,525,12,"nbGARCH","all_interp","0.15.0",TRUE,NA
80,4,"2019-11-28",217,525,12,"nbGARCH","controls_interp","0.15.0",TRUE,NA
81,4,"2019-11-28",217,525,12,"nbGARCH","exclosures_interp","0.15.0",TRUE,NA
82,4,"2019-11-28",217,525,12,"nbsGARCH","all_interp","0.15.0",TRUE,NA
83,4,"2019-11-28",217,525,12,"nbsGARCH","controls_interp","0.15.0",TRUE,NA
84,4,"2019-11-28",217,525,12,"nbsGARCH","exclosures_interp","0.15.0",TRUE,NA
85,4,"2019-11-28",217,525,12,"pevGARCH","all_interp","0.15.0",TRUE,NA
86,4,"2019-11-28",217,525,12,"pevGARCH","controls_interp","0.15.0",TRUE,NA
87,4,"2019-11-28",217,525,12,"pevGARCH","exclosures_interp","0.15.0",TRUE,NA
88,4,"2019-11-28",217,525,12,"simplexEDM","all_interp","0.15.0",TRUE,NA
89,4,"2019-11-28",217,525,12,"simplexEDM","controls_interp","0.15.0",TRUE,NA
90,4,"2019-11-28",217,525,12,"simplexEDM","exclosures_interp","0.15.0",TRUE,NA
91,5,"2019-11-29",217,525,12,"AutoArima","all","0.15.0",TRUE,NA
92,5,"2019-11-29",217,525,12,"AutoArima","controls","0.15.0",TRUE,NA
93,5,"2019-11-29",217,525,12,"AutoArima","exclosures","0.15.0",TRUE,NA
94,5,"2019-11-29",217,525,12,"ESSS","all_interp","0.15.0",TRUE,NA
95,5,"2019-11-29",217,525,12,"ESSS","controls_interp","0.15.0",TRUE,NA
96,5,"2019-11-29",217,525,12,"ESSS","exclosures_interp","0.15.0",TRUE,NA
97,5,"2019-11-29",217,525,12,"NaiveArima","all","0.15.0",TRUE,NA
98,5,"2019-11-29",217,525,12,"NaiveArima","controls","0.15.0",TRUE,NA
99,5,"2019-11-29",217,525,12,"NaiveArima","exclosures","0.15.0",TRUE,NA
100,5,"2019-11-29",217,525,12,"nbGARCH","all_interp","0.15.0",TRUE,NA
101,5,"2019-11-29",217,525,12,"nbGARCH","controls_interp","0.15.0",TRUE,NA
102,5,"2019-11-29",217,525,12,"nbGARCH","exclosures_interp","0.15.0",TRUE,NA
103,5,"2019-11-29",217,525,12,"nbsGARCH","all_interp","0.15.0",TRUE,NA
104,5,"2019-11-29",217,525,12,"nbsGARCH","controls_interp","0.15.0",TRUE,NA
105,5,"2019-11-29",217,525,12,"nbsGARCH","exclosures_interp","0.15.0",TRUE,NA
106,5,"2019-11-29",217,525,12,"pevGARCH","all_interp","0.15.0",TRUE,NA
107,5,"2019-11-29",217,525,12,"pevGARCH","controls_interp","0.15.0",TRUE,NA
108,5,"2019-11-29",217,525,12,"pevGARCH","exclosures_interp","0.15.0",TRUE,NA
109,5,"2019-11-29",217,525,12,"simplexEDM","all_interp","0.15.0",TRUE,NA
110,5,"2019-11-29",217,525,12,"simplexEDM","controls_interp","0.15.0",TRUE,NA
111,5,"2019-11-29",217,525,12,"simplexEDM","exclosures_interp","0.15.0",TRUE,NA
112,6,"2019-12-05",217,525,12,"AutoArima","all","0.15.0",TRUE,NA
113,6,"2019-12-05",217,525,12,"AutoArima","controls","0.15.0",TRUE,NA
114,6,"2019-12-05",217,525,12,"AutoArima","exclosures","0.15.0",TRUE,NA
115,6,"2019-12-05",217,525,12,"ESSS","all_interp","0.15.0",TRUE,NA
116,6,"2019-12-05",217,525,12,"ESSS","controls_interp","0.15.0",TRUE,NA
117,6,"2019-12-05",217,525,12,"ESSS","exclosures_interp","0.15.0",TRUE,NA
118,6,"2019-12-05",217,525,12,"jags_RW","all","0.15.0",TRUE,NA
119,6,"2019-12-05",217,525,12,"jags_RW","controls","0.15.0",TRUE,NA
120,6,"2019-12-05",217,525,12,"jags_RW","exclosures","0.15.0",TRUE,NA
121,6,"2019-12-05",217,525,12,"NaiveArima","all","0.15.0",TRUE,NA
122,6,"2019-12-05",217,525,12,"NaiveArima","controls","0.15.0",TRUE,NA
123,6,"2019-12-05",217,525,12,"NaiveArima","exclosures","0.15.0",TRUE,NA
124,6,"2019-12-05",217,525,12,"nbGARCH","all_interp","0.15.0",TRUE,NA
125,6,"2019-12-05",217,525,12,"nbGARCH","controls_interp","0.15.0",TRUE,NA
126,6,"2019-12-05",217,525,12,"nbGARCH","exclosures_interp","0.15.0",TRUE,NA
127,6,"2019-12-05",217,525,12,"nbsGARCH","all_interp","0.15.0",TRUE,NA
128,6,"2019-12-05",217,525,12,"nbsGARCH","controls_interp","0.15.0",TRUE,NA
129,6,"2019-12-05",217,525,12,"nbsGARCH","exclosures_interp","0.15.0",TRUE,NA
130,6,"2019-12-05",217,525,12,"pevGARCH","all_interp","0.15.0",TRUE,NA
131,6,"2019-12-05",217,525,12,"pevGARCH","controls_interp","0.15.0",TRUE,NA
132,6,"2019-12-05",217,525,12,"pevGARCH","exclosures_interp","0.15.0",TRUE,NA
133,6,"2019-12-05",217,525,12,"simplexEDM","all_interp","0.15.0",TRUE,NA
134,6,"2019-12-05",217,525,12,"simplexEDM","controls_interp","0.15.0",TRUE,NA
135,6,"2019-12-05",217,525,12,"simplexEDM","exclosures_interp","0.15.0",TRUE,NA
136,7,"2019-12-06",217,525,12,"AutoArima","all","0.15.0",TRUE,NA
137,7,"2019-12-06",217,525,12,"AutoArima","controls","0.15.0",TRUE,NA
138,7,"2019-12-06",217,525,12,"AutoArima","exclosures","0.15.0",TRUE,NA
139,7,"2019-12-06",217,525,12,"ESSS","all_interp","0.15.0",TRUE,NA
140,7,"2019-12-06",217,525,12,"ESSS","controls_interp","0.15.0",TRUE,NA
141,7,"2019-12-06",217,525,12,"ESSS","exclosures_interp","0.15.0",TRUE,NA
142,7,"2019-12-06",217,525,12,"NaiveArima","all","0.15.0",TRUE,NA
143,7,"2019-12-06",217,525,12,"NaiveArima","controls","0.15.0",TRUE,NA
144,7,"2019-12-06",217,525,12,"NaiveArima","exclosures","0.15.0",TRUE,NA
145,7,"2019-12-06",217,525,12,"nbGARCH","all_interp","0.15.0",TRUE,NA
146,7,"2019-12-06",217,525,12,"nbGARCH","controls_interp","0.15.0",TRUE,NA
147,7,"2019-12-06",217,525,12,"nbGARCH","exclosures_interp","0.15.0",TRUE,NA
148,7,"2019-12-06",217,525,12,"nbsGARCH","all_interp","0.15.0",TRUE,NA
149,7,"2019-12-06",217,525,12,"nbsGARCH","controls_interp","0.15.0",TRUE,NA
150,7,"2019-12-06",217,525,12,"nbsGARCH","exclosures_interp","0.15.0",TRUE,NA
151,7,"2019-12-06",217,525,12,"pevGARCH","all_interp","0.15.0",TRUE,NA
152,7,"2019-12-06",217,525,12,"pevGARCH","controls_interp","0.15.0",TRUE,NA
153,7,"2019-12-06",217,525,12,"pevGARCH","exclosures_interp","0.15.0",TRUE,NA
154,7,"2019-12-06",217,525,12,"simplexEDM","all_interp","0.15.0",TRUE,NA
155,7,"2019-12-06",217,525,12,"simplexEDM","controls_interp","0.15.0",TRUE,NA
156,7,"2019-12-06",217,525,12,"simplexEDM","exclosures_interp","0.15.0",TRUE,NA
157,8,"2019-12-19",217,525,12,"AutoArima","all","0.15.1",TRUE,NA
158,8,"2019-12-19",217,525,12,"AutoArima","controls","0.15.1",TRUE,NA
159,8,"2019-12-19",217,525,12,"AutoArima","exclosures","0.15.1",TRUE,NA
160,8,"2019-12-19",217,525,12,"ESSS","all_interp","0.15.1",TRUE,NA
161,8,"2019-12-19",217,525,12,"ESSS","controls_interp","0.15.1",TRUE,NA
162,8,"2019-12-19",217,525,12,"ESSS","exclosures_interp","0.15.1",TRUE,NA
163,8,"2019-12-19",217,525,12,"jags_RW","all","0.15.1",TRUE,NA
164,8,"2019-12-19",217,525,12,"jags_RW","controls","0.15.1",TRUE,NA
165,8,"2019-12-19",217,525,12,"jags_RW","exclosures","0.15.1",TRUE,NA
166,8,"2019-12-19",217,525,12,"NaiveArima","all","0.15.1",TRUE,NA
167,8,"2019-12-19",217,525,12,"NaiveArima","controls","0.15.1",TRUE,NA
168,8,"2019-12-19",217,525,12,"NaiveArima","exclosures","0.15.1",TRUE,NA
169,8,"2019-12-19",217,525,12,"nbGARCH","all_interp","0.15.1",TRUE,NA
170,8,"2019-12-19",217,525,12,"nbGARCH","controls_interp","0.15.1",TRUE,NA
171,8,"2019-12-19",217,525,12,"nbGARCH","exclosures_interp","0.15.1",TRUE,NA
172,8,"2019-12-19",217,525,12,"nbsGARCH","all_interp","0.15.1",TRUE,NA
173,8,"2019-12-19",217,525,12,"nbsGARCH","controls_interp","0.15.1",TRUE,NA
174,8,"2019-12-19",217,525,12,"nbsGARCH","exclosures_interp","0.15.1",TRUE,NA
175,8,"2019-12-19",217,525,12,"pevGARCH","all_interp","0.15.1",TRUE,NA
176,8,"2019-12-19",217,525,12,"pevGARCH","controls_interp","0.15.1",TRUE,NA
177,8,"2019-12-19",217,525,12,"pevGARCH","exclosures_interp","0.15.1",TRUE,NA
178,8,"2019-12-19",217,525,12,"simplexEDM","all_interp","0.15.1",TRUE,NA
179,8,"2019-12-19",217,525,12,"simplexEDM","controls_interp","0.15.1",TRUE,NA
180,8,"2019-12-19",217,525,12,"simplexEDM","exclosures_interp","0.15.1",TRUE,NA
181,9,"2019-12-20",217,525,12,"AutoArima","all","0.15.1",TRUE,NA
182,9,"2019-12-20",217,525,12,"AutoArima","controls","0.15.1",TRUE,NA
183,9,"2019-12-20",217,525,12,"AutoArima","exclosures","0.15.1",TRUE,NA
184,9,"2019-12-20",217,525,12,"ESSS","all_interp","0.15.1",TRUE,NA
185,9,"2019-12-20",217,525,12,"ESSS","controls_interp","0.15.1",TRUE,NA
186,9,"2019-12-20",217,525,12,"ESSS","exclosures_interp","0.15.1",TRUE,NA
187,9,"2019-12-20",217,525,12,"NaiveArima","all","0.15.1",TRUE,NA
188,9,"2019-12-20",217,525,12,"NaiveArima","controls","0.15.1",TRUE,NA
189,9,"2019-12-20",217,525,12,"NaiveArima","exclosures","0.15.1",TRUE,NA
190,9,"2019-12-20",217,525,12,"nbGARCH","all_interp","0.15.1",TRUE,NA
191,9,"2019-12-20",217,525,12,"nbGARCH","controls_interp","0.15.1",TRUE,NA
192,9,"2019-12-20",217,525,12,"nbGARCH","exclosures_interp","0.15.1",TRUE,NA
193,9,"2019-12-20",217,525,12,"nbsGARCH","all_interp","0.15.1",TRUE,NA
194,9,"2019-12-20",217,525,12,"nbsGARCH","controls_interp","0.15.1",TRUE,NA
195,9,"2019-12-20",217,525,12,"nbsGARCH","exclosures_interp","0.15.1",TRUE,NA
196,9,"2019-12-20",217,525,12,"pevGARCH","all_interp","0.15.1",TRUE,NA
197,9,"2019-12-20",217,525,12,"pevGARCH","controls_interp","0.15.1",TRUE,NA
198,9,"2019-12-20",217,525,12,"pevGARCH","exclosures_interp","0.15.1",TRUE,NA
199,9,"2019-12-20",217,525,12,"simplexEDM","all_interp","0.15.1",TRUE,NA
200,9,"2019-12-20",217,525,12,"simplexEDM","controls_interp","0.15.1",TRUE,NA
201,9,"2019-12-20",217,525,12,"simplexEDM","exclosures_interp","0.15.1",TRUE,NA
202,10,"2019-12-27",217,526,12,"AutoArima","all","0.15.1",TRUE,NA
203,10,"2019-12-27",217,526,12,"AutoArima","controls","0.15.1",TRUE,NA
204,10,"2019-12-27",217,526,12,"AutoArima","exclosures","0.15.1",TRUE,NA
205,10,"2019-12-27",217,526,12,"ESSS","all_interp","0.15.1",TRUE,NA
206,10,"2019-12-27",217,526,12,"ESSS","controls_interp","0.15.1",TRUE,NA
207,10,"2019-12-27",217,526,12,"ESSS","exclosures_interp","0.15.1",TRUE,NA
208,10,"2019-12-27",217,526,12,"NaiveArima","all","0.15.1",TRUE,NA
209,10,"2019-12-27",217,526,12,"NaiveArima","controls","0.15.1",TRUE,NA
210,10,"2019-12-27",217,526,12,"NaiveArima","exclosures","0.15.1",TRUE,NA
211,10,"2019-12-27",217,526,12,"nbGARCH","all_interp","0.15.1",TRUE,NA
212,10,"2019-12-27",217,526,12,"nbGARCH","controls_interp","0.15.1",TRUE,NA
213,10,"2019-12-27",217,526,12,"nbGARCH","exclosures_interp","0.15.1",TRUE,NA
214,10,"2019-12-27",217,526,12,"nbsGARCH","all_interp","0.15.1",TRUE,NA
215,10,"2019-12-27",217,526,12,"nbsGARCH","controls_interp","0.15.1",TRUE,NA
216,10,"2019-12-27",217,526,12,"nbsGARCH","exclosures_interp","0.15.1",TRUE,NA
217,10,"2019-12-27",217,526,12,"pevGARCH","all_interp","0.15.1",TRUE,NA
218,10,"2019-12-27",217,526,12,"pevGARCH","controls_interp","0.15.1",TRUE,NA
219,10,"2019-12-27",217,526,12,"pevGARCH","exclosures_interp","0.15.1",TRUE,NA
220,10,"2019-12-27",217,526,12,"simplexEDM","all_interp","0.15.1",TRUE,NA
221,10,"2019-12-27",217,526,12,"simplexEDM","controls_interp","0.15.1",TRUE,NA
222,10,"2019-12-27",217,526,12,"simplexEDM","exclosures_interp","0.15.1",TRUE,NA
223,11,"2020-01-02",217,526,12,"AutoArima","all","0.15.1",TRUE,NA
224,11,"2020-01-02",217,526,12,"AutoArima","controls","0.15.1",TRUE,NA
225,11,"2020-01-02",217,526,12,"AutoArima","exclosures","0.15.1",TRUE,NA
226,11,"2020-01-02",217,526,12,"ESSS","all_interp","0.15.1",TRUE,NA
227,11,"2020-01-02",217,526,12,"ESSS","controls_interp","0.15.1",TRUE,NA
228,11,"2020-01-02",217,526,12,"ESSS","exclosures_interp","0.15.1",TRUE,NA
229,11,"2020-01-02",217,526,12,"jags_RW","all","0.15.1",TRUE,NA
230,11,"2020-01-02",217,526,12,"jags_RW","controls","0.15.1",TRUE,NA
231,11,"2020-01-02",217,526,12,"jags_RW","exclosures","0.15.1",TRUE,NA
232,11,"2020-01-02",217,526,12,"NaiveArima","all","0.15.1",TRUE,NA
233,11,"2020-01-02",217,526,12,"NaiveArima","controls","0.15.1",TRUE,NA
234,11,"2020-01-02",217,526,12,"NaiveArima","exclosures","0.15.1",TRUE,NA
235,11,"2020-01-02",217,526,12,"nbGARCH","all_interp","0.15.1",TRUE,NA
236,11,"2020-01-02",217,526,12,"nbGARCH","controls_interp","0.15.1",TRUE,NA
237,11,"2020-01-02",217,526,12,"nbGARCH","exclosures_interp","0.15.1",TRUE,NA
238,11,"2020-01-02",217,526,12,"nbsGARCH","all_interp","0.15.1",TRUE,NA
239,11,"2020-01-02",217,526,12,"nbsGARCH","controls_interp","0.15.1",TRUE,NA
240,11,"2020-01-02",217,526,12,"nbsGARCH","exclosures_interp","0.15.1",TRUE,NA
241,11,"2020-01-02",217,526,12,"pevGARCH","all_interp","0.15.1",TRUE,NA
242,11,"2020-01-02",217,526,12,"pevGARCH","controls_interp","0.15.1",TRUE,NA
243,11,"2020-01-02",217,526,12,"pevGARCH","exclosures_interp","0.15.1",TRUE,NA
244,11,"2020-01-02",217,526,12,"simplexEDM","all_interp","0.15.1",TRUE,NA
245,11,"2020-01-02",217,526,12,"simplexEDM","controls_interp","0.15.1",TRUE,NA
246,11,"2020-01-02",217,526,12,"simplexEDM","exclosures_interp","0.15.1",TRUE,NA
247,12,"2020-01-03",217,526,12,"AutoArima","all","0.15.1",TRUE,NA
248,12,"2020-01-03",217,526,12,"AutoArima","controls","0.15.1",TRUE,NA
249,12,"2020-01-03",217,526,12,"AutoArima","exclosures","0.15.1",TRUE,NA
250,12,"2020-01-03",217,526,12,"ESSS","all_interp","0.15.1",TRUE,NA
251,12,"2020-01-03",217,526,12,"ESSS","controls_interp","0.15.1",TRUE,NA
252,12,"2020-01-03",217,526,12,"ESSS","exclosures_interp","0.15.1",TRUE,NA
253,12,"2020-01-03",217,526,12,"NaiveArima","all","0.15.1",TRUE,NA
254,12,"2020-01-03",217,526,12,"NaiveArima","controls","0.15.1",TRUE,NA
255,12,"2020-01-03",217,526,12,"NaiveArima","exclosures","0.15.1",TRUE,NA
256,12,"2020-01-03",217,526,12,"nbGARCH","all_interp","0.15.1",TRUE,NA
257,12,"2020-01-03",217,526,12,"nbGARCH","controls_interp","0.15.1",TRUE,NA
258,12,"2020-01-03",217,526,12,"nbGARCH","exclosures_interp","0.15.1",TRUE,NA
259,12,"2020-01-03",217,526,12,"nbsGARCH","all_interp","0.15.1",TRUE,NA
260,12,"2020-01-03",217,526,12,"nbsGARCH","controls_interp","0.15.1",TRUE,NA
261,12,"2020-01-03",217,526,12,"nbsGARCH","exclosures_interp","0.15.1",TRUE,NA
262,12,"2020-01-03",217,526,12,"pevGARCH","all_interp","0.15.1",TRUE,NA
263,12,"2020-01-03",217,526,12,"pevGARCH","controls_interp","0.15.1",TRUE,NA
264,12,"2020-01-03",217,526,12,"pevGARCH","exclosures_interp","0.15.1",TRUE,NA
265,12,"2020-01-03",217,526,12,"simplexEDM","all_interp","0.15.1",TRUE,NA
266,12,"2020-01-03",217,526,12,"simplexEDM","controls_interp","0.15.1",TRUE,NA
267,12,"2020-01-03",217,526,12,"simplexEDM","exclosures_interp","0.15.1",TRUE,NA
268,13,"2020-01-09",217,526,12,"AutoArima","all","0.15.1",TRUE,NA
269,13,"2020-01-09",217,526,12,"AutoArima","controls","0.15.1",TRUE,NA
270,13,"2020-01-09",217,526,12,"AutoArima","exclosures","0.15.1",TRUE,NA
271,13,"2020-01-09",217,526,12,"ESSS","all_interp","0.15.1",TRUE,NA
272,13,"2020-01-09",217,526,12,"ESSS","controls_interp","0.15.1",TRUE,NA
273,13,"2020-01-09",217,526,12,"ESSS","exclosures_interp","0.15.1",TRUE,NA
274,13,"2020-01-09",217,526,12,"jags_RW","all","0.15.1",TRUE,NA
275,13,"2020-01-09",217,526,12,"jags_RW","controls","0.15.1",TRUE,NA
276,13,"2020-01-09",217,526,12,"jags_RW","exclosures","0.15.1",TRUE,NA
277,13,"2020-01-09",217,526,12,"NaiveArima","all","0.15.1",TRUE,NA
278,13,"2020-01-09",217,526,12,"NaiveArima","controls","0.15.1",TRUE,NA
279,13,"2020-01-09",217,526,12,"NaiveArima","exclosures","0.15.1",TRUE,NA
280,13,"2020-01-09",217,526,12,"nbGARCH","all_interp","0.15.1",TRUE,NA
281,13,"2020-01-09",217,526,12,"nbGARCH","controls_interp","0.15.1",TRUE,NA
282,13,"2020-01-09",217,526,12,"nbGARCH","exclosures_interp","0.15.1",TRUE,NA
283,13,"2020-01-09",217,526,12,"nbsGARCH","all_interp","0.15.1",TRUE,NA
284,13,"2020-01-09",217,526,12,"nbsGARCH","controls_interp","0.15.1",TRUE,NA
285,13,"2020-01-09",217,526,12,"nbsGARCH","exclosures_interp","0.15.1",TRUE,NA
286,13,"2020-01-09",217,526,12,"pevGARCH","all_interp","0.15.1",TRUE,NA
287,13,"2020-01-09",217,526,12,"pevGARCH","controls_interp","0.15.1",TRUE,NA
288,13,"2020-01-09",217,526,12,"pevGARCH","exclosures_interp","0.15.1",TRUE,NA
289,13,"2020-01-09",217,526,12,"simplexEDM","all_interp","0.15.1",TRUE,NA
290,13,"2020-01-09",217,526,12,"simplexEDM","controls_interp","0.15.1",TRUE,NA
291,13,"2020-01-09",217,526,12,"simplexEDM","exclosures_interp","0.15.1",TRUE,NA
292,14,"2020-01-10",217,526,12,"AutoArima","all","0.15.1",TRUE,NA
293,14,"2020-01-10",217,526,12,"AutoArima","controls","0.15.1",TRUE,NA
294,14,"2020-01-10",217,526,12,"AutoArima","exclosures","0.15.1",TRUE,NA
295,14,"2020-01-10",217,526,12,"ESSS","all_interp","0.15.1",TRUE,NA
296,14,"2020-01-10",217,526,12,"ESSS","controls_interp","0.15.1",TRUE,NA
297,14,"2020-01-10",217,526,12,"ESSS","exclosures_interp","0.15.1",TRUE,NA
298,14,"2020-01-10",217,526,12,"NaiveArima","all","0.15.1",TRUE,NA
299,14,"2020-01-10",217,526,12,"NaiveArima","controls","0.15.1",TRUE,NA
300,14,"2020-01-10",217,526,12,"NaiveArima","exclosures","0.15.1",TRUE,NA
301,14,"2020-01-10",217,526,12,"nbGARCH","all_interp","0.15.1",TRUE,NA
302,14,"2020-01-10",217,526,12,"nbGARCH","controls_interp","0.15.1",TRUE,NA
303,14,"2020-01-10",217,526,12,"nbGARCH","exclosures_interp","0.15.1",TRUE,NA
304,14,"2020-01-10",217,526,12,"nbsGARCH","all_interp","0.15.1",TRUE,NA
305,14,"2020-01-10",217,526,12,"nbsGARCH","controls_interp","0.15.1",TRUE,NA
306,14,"2020-01-10",217,526,12,"nbsGARCH","exclosures_interp","0.15.1",TRUE,NA
307,14,"2020-01-10",217,526,12,"pevGARCH","all_interp","0.15.1",TRUE,NA
308,14,"2020-01-10",217,526,12,"pevGARCH","controls_interp","0.15.1",TRUE,NA
309,14,"2020-01-10",217,526,12,"pevGARCH","exclosures_interp","0.15.1",TRUE,NA
310,14,"2020-01-10",217,526,12,"simplexEDM","all_interp","0.15.1",TRUE,NA
311,14,"2020-01-10",217,526,12,"simplexEDM","controls_interp","0.15.1",TRUE,NA
312,14,"2020-01-10",217,526,12,"simplexEDM","exclosures_interp","0.15.1",TRUE,NA
313,15,"2020-01-16",217,526,12,"AutoArima","all","0.16.0",TRUE,NA
314,15,"2020-01-16",217,526,12,"AutoArima","controls","0.16.0",TRUE,NA
315,15,"2020-01-16",217,526,12,"AutoArima","exclosures","0.16.0",TRUE,NA
316,15,"2020-01-16",217,526,12,"ESSS","all_interp","0.16.0",TRUE,NA
317,15,"2020-01-16",217,526,12,"ESSS","controls_interp","0.16.0",TRUE,NA
318,15,"2020-01-16",217,526,12,"ESSS","exclosures_interp","0.16.0",TRUE,NA
319,15,"2020-01-16",217,526,12,"jags_RW","all","0.16.0",TRUE,NA
320,15,"2020-01-16",217,526,12,"jags_RW","controls","0.16.0",TRUE,NA
321,15,"2020-01-16",217,526,12,"jags_RW","exclosures","0.16.0",TRUE,NA
322,15,"2020-01-16",217,526,12,"NaiveArima","all","0.16.0",TRUE,NA
323,15,"2020-01-16",217,526,12,"NaiveArima","controls","0.16.0",TRUE,NA
324,15,"2020-01-16",217,526,12,"NaiveArima","exclosures","0.16.0",TRUE,NA
325,15,"2020-01-16",217,526,12,"nbGARCH","all_interp","0.16.0",TRUE,NA
326,15,"2020-01-16",217,526,12,"nbGARCH","controls_interp","0.16.0",TRUE,NA
327,15,"2020-01-16",217,526,12,"nbGARCH","exclosures_interp","0.16.0",TRUE,NA
328,15,"2020-01-16",217,526,12,"nbsGARCH","all_interp","0.16.0",TRUE,NA
329,15,"2020-01-16",217,526,12,"nbsGARCH","controls_interp","0.16.0",TRUE,NA
330,15,"2020-01-16",217,526,12,"nbsGARCH","exclosures_interp","0.16.0",TRUE,NA
331,15,"2020-01-16",217,526,12,"pevGARCH","all_interp","0.16.0",TRUE,NA
332,15,"2020-01-16",217,526,12,"pevGARCH","controls_interp","0.16.0",TRUE,NA
333,15,"2020-01-16",217,526,12,"pevGARCH","exclosures_interp","0.16.0",TRUE,NA
334,15,"2020-01-16",217,526,12,"simplexEDM","all_interp","0.16.0",TRUE,NA
335,15,"2020-01-16",217,526,12,"simplexEDM","controls_interp","0.16.0",TRUE,NA
336,15,"2020-01-16",217,526,12,"simplexEDM","exclosures_interp","0.16.0",TRUE,NA
337,16,"2020-01-17",217,526,12,"AutoArima","all","0.17.1",TRUE,NA
338,16,"2020-01-17",217,526,12,"AutoArima","controls","0.17.1",TRUE,NA
339,16,"2020-01-17",217,526,12,"AutoArima","exclosures","0.17.1",TRUE,NA
340,16,"2020-01-17",217,526,12,"ESSS","all_interp","0.17.1",TRUE,NA
341,16,"2020-01-17",217,526,12,"ESSS","controls_interp","0.17.1",TRUE,NA
342,16,"2020-01-17",217,526,12,"ESSS","exclosures_interp","0.17.1",TRUE,NA
343,16,"2020-01-17",217,526,12,"GPEDM","all_interp","0.17.1",TRUE,NA
344,16,"2020-01-17",217,526,12,"GPEDM","controls_interp","0.17.1",TRUE,NA
345,16,"2020-01-17",217,526,12,"GPEDM","exclosures_interp","0.17.1",TRUE,NA
346,16,"2020-01-17",217,526,12,"NaiveArima","all","0.17.1",TRUE,NA
347,16,"2020-01-17",217,526,12,"NaiveArima","controls","0.17.1",TRUE,NA
348,16,"2020-01-17",217,526,12,"NaiveArima","exclosures","0.17.1",TRUE,NA
349,16,"2020-01-17",217,526,12,"nbGARCH","all_interp","0.17.1",TRUE,NA
350,16,"2020-01-17",217,526,12,"nbGARCH","controls_interp","0.17.1",TRUE,NA
351,16,"2020-01-17",217,526,12,"nbGARCH","exclosures_interp","0.17.1",TRUE,NA
352,16,"2020-01-17",217,526,12,"nbsGARCH","all_interp","0.17.1",TRUE,NA
353,16,"2020-01-17",217,526,12,"nbsGARCH","controls_interp","0.17.1",TRUE,NA
354,16,"2020-01-17",217,526,12,"nbsGARCH","exclosures_interp","0.17.1",TRUE,NA
355,16,"2020-01-17",217,526,12,"pevGARCH","all_interp","0.17.1",TRUE,NA
356,16,"2020-01-17",217,526,12,"pevGARCH","controls_interp","0.17.1",TRUE,NA
357,16,"2020-01-17",217,526,12,"pevGARCH","exclosures_interp","0.17.1",TRUE,NA
358,16,"2020-01-17",217,526,12,"simplexEDM","all_interp","0.17.1",TRUE,NA
359,16,"2020-01-17",217,526,12,"simplexEDM","controls_interp","0.17.1",TRUE,NA
360,16,"2020-01-17",217,526,12,"simplexEDM","exclosures_interp","0.17.1",TRUE,NA
361,17,"2020-01-23",217,526,12,"AutoArima","all","0.17.1",TRUE,NA
362,17,"2020-01-23",217,526,12,"AutoArima","controls","0.17.1",TRUE,NA
363,17,"2020-01-23",217,526,12,"AutoArima","exclosures","0.17.1",TRUE,NA
364,17,"2020-01-23",217,526,12,"ESSS","all_interp","0.17.1",TRUE,NA
365,17,"2020-01-23",217,526,12,"ESSS","controls_interp","0.17.1",TRUE,NA
366,17,"2020-01-23",217,526,12,"ESSS","exclosures_interp","0.17.1",TRUE,NA
367,17,"2020-01-23",217,526,12,"GPEDM","all_interp","0.17.1",TRUE,NA
368,17,"2020-01-23",217,526,12,"GPEDM","controls_interp","0.17.1",TRUE,NA
369,17,"2020-01-23",217,526,12,"GPEDM","exclosures_interp","0.17.1",TRUE,NA
370,17,"2020-01-23",217,526,12,"jags_RW","all","0.17.1",TRUE,NA
371,17,"2020-01-23",217,526,12,"jags_RW","controls","0.17.1",TRUE,NA
372,17,"2020-01-23",217,526,12,"jags_RW","exclosures","0.17.1",TRUE,NA
373,17,"2020-01-23",217,526,12,"NaiveArima","all","0.17.1",TRUE,NA
374,17,"2020-01-23",217,526,12,"NaiveArima","controls","0.17.1",TRUE,NA
375,17,"2020-01-23",217,526,12,"NaiveArima","exclosures","0.17.1",TRUE,NA
376,17,"2020-01-23",217,526,12,"nbGARCH","all_interp","0.17.1",TRUE,NA
377,17,"2020-01-23",217,526,12,"nbGARCH","controls_interp","0.17.1",TRUE,NA
378,17,"2020-01-23",217,526,12,"nbGARCH","exclosures_interp","0.17.1",TRUE,NA
379,17,"2020-01-23",217,526,12,"nbsGARCH","all_interp","0.17.1",TRUE,NA
380,17,"2020-01-23",217,526,12,"nbsGARCH","controls_interp","0.17.1",TRUE,NA
381,17,"2020-01-23",217,526,12,"nbsGARCH","exclosures_interp","0.17.1",TRUE,NA
382,17,"2020-01-23",217,526,12,"pevGARCH","all_interp","0.17.1",TRUE,NA
383,17,"2020-01-23",217,526,12,"pevGARCH","controls_interp","0.17.1",TRUE,NA
384,17,"2020-01-23",217,526,12,"pevGARCH","exclosures_interp","0.17.1",TRUE,NA
385,17,"2020-01-23",217,526,12,"simplexEDM","all_interp","0.17.1",TRUE,NA
386,17,"2020-01-23",217,526,12,"simplexEDM","controls_interp","0.17.1",TRUE,NA
387,17,"2020-01-23",217,526,12,"simplexEDM","exclosures_interp","0.17.1",TRUE,NA
388,18,"2020-01-24",217,526,12,"AutoArima","all","0.17.1",TRUE,NA
389,18,"2020-01-24",217,526,12,"AutoArima","controls","0.17.1",TRUE,NA
390,18,"2020-01-24",217,526,12,"AutoArima","exclosures","0.17.1",TRUE,NA
391,18,"2020-01-24",217,526,12,"ESSS","all_interp","0.17.1",TRUE,NA
392,18,"2020-01-24",217,526,12,"ESSS","controls_interp","0.17.1",TRUE,NA
393,18,"2020-01-24",217,526,12,"ESSS","exclosures_interp","0.17.1",TRUE,NA
394,18,"2020-01-24",217,526,12,"GPEDM","all_interp","0.17.1",TRUE,NA
395,18,"2020-01-24",217,526,12,"GPEDM","controls_interp","0.17.1",TRUE,NA
396,18,"2020-01-24",217,526,12,"GPEDM","exclosures_interp","0.17.1",TRUE,NA
397,18,"2020-01-24",217,526,12,"NaiveArima","all","0.17.1",TRUE,NA
398,18,"2020-01-24",217,526,12,"NaiveArima","controls","0.17.1",TRUE,NA
399,18,"2020-01-24",217,526,12,"NaiveArima","exclosures","0.17.1",TRUE,NA
400,18,"2020-01-24",217,526,12,"nbGARCH","all_interp","0.17.1",TRUE,NA
401,18,"2020-01-24",217,526,12,"nbGARCH","controls_interp","0.17.1",TRUE,NA
402,18,"2020-01-24",217,526,12,"nbGARCH","exclosures_interp","0.17.1",TRUE,NA
403,18,"2020-01-24",217,526,12,"nbsGARCH","all_interp","0.17.1",TRUE,NA
404,18,"2020-01-24",217,526,12,"nbsGARCH","controls_interp","0.17.1",TRUE,NA
405,18,"2020-01-24",217,526,12,"nbsGARCH","exclosures_interp","0.17.1",TRUE,NA
406,18,"2020-01-24",217,526,12,"pevGARCH","all_interp","0.17.1",TRUE,NA
407,18,"2020-01-24",217,526,12,"pevGARCH","controls_interp","0.17.1",TRUE,NA
408,18,"2020-01-24",217,526,12,"pevGARCH","exclosures_interp","0.17.1",TRUE,NA
409,18,"2020-01-24",217,526,12,"simplexEDM","all_interp","0.17.1",TRUE,NA
410,18,"2020-01-24",217,526,12,"simplexEDM","controls_interp","0.17.1",TRUE,NA
411,18,"2020-01-24",217,526,12,"simplexEDM","exclosures_interp","0.17.1",TRUE,NA
412,19,"2020-01-29",217,527,12,"AutoArima","all","0.17.1",TRUE,NA
413,19,"2020-01-29",217,527,12,"AutoArima","controls","0.17.1",TRUE,NA
414,19,"2020-01-29",217,527,12,"AutoArima","exclosures","0.17.1",TRUE,NA
415,19,"2020-01-29",217,527,12,"ESSS","all_interp","0.17.1",TRUE,NA
416,19,"2020-01-29",217,527,12,"ESSS","controls_interp","0.17.1",TRUE,NA
417,19,"2020-01-29",217,527,12,"ESSS","exclosures_interp","0.17.1",TRUE,NA
418,19,"2020-01-29",217,527,12,"GPEDM","all_interp","0.17.1",TRUE,NA
419,19,"2020-01-29",217,527,12,"GPEDM","controls_interp","0.17.1",TRUE,NA
420,19,"2020-01-29",217,527,12,"GPEDM","exclosures_interp","0.17.1",TRUE,NA
421,19,"2020-01-29",217,527,12,"jags_RW","all","0.17.1",TRUE,NA
422,19,"2020-01-29",217,527,12,"jags_RW","controls","0.17.1",TRUE,NA
423,19,"2020-01-29",217,527,12,"jags_RW","exclosures","0.17.1",TRUE,NA
424,19,"2020-01-29",217,527,12,"NaiveArima","all","0.17.1",TRUE,NA
425,19,"2020-01-29",217,527,12,"NaiveArima","controls","0.17.1",TRUE,NA
426,19,"2020-01-29",217,527,12,"NaiveArima","exclosures","0.17.1",TRUE,NA
427,19,"2020-01-29",217,527,12,"nbGARCH","all_interp","0.17.1",TRUE,NA
428,19,"2020-01-29",217,527,12,"nbGARCH","controls_interp","0.17.1",TRUE,NA
429,19,"2020-01-29",217,527,12,"nbGARCH","exclosures_interp","0.17.1",TRUE,NA
430,19,"2020-01-29",217,527,12,"nbsGARCH","all_interp","0.17.1",TRUE,NA
431,19,"2020-01-29",217,527,12,"nbsGARCH","controls_interp","0.17.1",TRUE,NA
432,19,"2020-01-29",217,527,12,"nbsGARCH","exclosures_interp","0.17.1",TRUE,NA
433,19,"2020-01-29",217,527,12,"pevGARCH","all_interp","0.17.1",TRUE,NA
434,19,"2020-01-29",217,527,12,"pevGARCH","controls_interp","0.17.1",TRUE,NA
435,19,"2020-01-29",217,527,12,"pevGARCH","exclosures_interp","0.17.1",TRUE,NA
436,19,"2020-01-29",217,527,12,"simplexEDM","all_interp","0.17.1",TRUE,NA
437,19,"2020-01-29",217,527,12,"simplexEDM","controls_interp","0.17.1",TRUE,NA
438,19,"2020-01-29",217,527,12,"simplexEDM","exclosures_interp","0.17.1",TRUE,NA
439,20,"2020-01-31",217,527,12,"AutoArima","all","0.17.1",TRUE,NA
440,20,"2020-01-31",217,527,12,"AutoArima","controls","0.17.1",TRUE,NA
441,20,"2020-01-31",217,527,12,"AutoArima","exclosures","0.17.1",TRUE,NA
442,20,"2020-01-31",217,527,12,"ESSS","all_interp","0.17.1",TRUE,NA
443,20,"2020-01-31",217,527,12,"ESSS","controls_interp","0.17.1",TRUE,NA
444,20,"2020-01-31",217,527,12,"ESSS","exclosures_interp","0.17.1",TRUE,NA
445,20,"2020-01-31",217,527,12,"GPEDM","all_interp","0.17.1",TRUE,NA
446,20,"2020-01-31",217,527,12,"GPEDM","controls_interp","0.17.1",TRUE,NA
447,20,"2020-01-31",217,527,12,"GPEDM","exclosures_interp","0.17.1",TRUE,NA
448,20,"2020-01-31",217,527,12,"NaiveArima","all","0.17.1",TRUE,NA
449,20,"2020-01-31",217,527,12,"NaiveArima","controls","0.17.1",TRUE,NA
450,20,"2020-01-31",217,527,12,"NaiveArima","exclosures","0.17.1",TRUE,NA
451,20,"2020-01-31",217,527,12,"nbGARCH","all_interp","0.17.1",TRUE,NA
452,20,"2020-01-31",217,527,12,"nbGARCH","controls_interp","0.17.1",TRUE,NA
453,20,"2020-01-31",217,527,12,"nbGARCH","exclosures_interp","0.17.1",TRUE,NA
454,20,"2020-01-31",217,527,12,"nbsGARCH","all_interp","0.17.1",TRUE,NA
455,20,"2020-01-31",217,527,12,"nbsGARCH","controls_interp","0.17.1",TRUE,NA
456,20,"2020-01-31",217,527,12,"nbsGARCH","exclosures_interp","0.17.1",TRUE,NA
457,20,"2020-01-31",217,527,12,"pevGARCH","all_interp","0.17.1",TRUE,NA
458,20,"2020-01-31",217,527,12,"pevGARCH","controls_interp","0.17.1",TRUE,NA
459,20,"2020-01-31",217,527,12,"pevGARCH","exclosures_interp","0.17.1",TRUE,NA
460,20,"2020-01-31",217,527,12,"simplexEDM","all_interp","0.17.1",TRUE,NA
461,20,"2020-01-31",217,527,12,"simplexEDM","controls_interp","0.17.1",TRUE,NA
462,20,"2020-01-31",217,527,12,"simplexEDM","exclosures_interp","0.17.1",TRUE,NA
463,21,"2020-02-06",217,527,12,"AutoArima","all","0.17.1",TRUE,NA
464,21,"2020-02-06",217,527,12,"AutoArima","controls","0.17.1",TRUE,NA
465,21,"2020-02-06",217,527,12,"AutoArima","exclosures","0.17.1",TRUE,NA
466,21,"2020-02-06",217,527,12,"ESSS","all_interp","0.17.1",TRUE,NA
467,21,"2020-02-06",217,527,12,"ESSS","controls_interp","0.17.1",TRUE,NA
468,21,"2020-02-06",217,527,12,"ESSS","exclosures_interp","0.17.1",TRUE,NA
469,21,"2020-02-06",217,527,12,"GPEDM","all_interp","0.17.1",TRUE,NA
470,21,"2020-02-06",217,527,12,"GPEDM","controls_interp","0.17.1",TRUE,NA
471,21,"2020-02-06",217,527,12,"GPEDM","exclosures_interp","0.17.1",TRUE,NA
472,21,"2020-02-06",217,527,12,"jags_RW","all","0.17.1",TRUE,NA
473,21,"2020-02-06",217,527,12,"jags_RW","controls","0.17.1",TRUE,NA
474,21,"2020-02-06",217,527,12,"jags_RW","exclosures","0.17.1",TRUE,NA
475,21,"2020-02-06",217,527,12,"NaiveArima","all","0.17.1",TRUE,NA
476,21,"2020-02-06",217,527,12,"NaiveArima","controls","0.17.1",TRUE,NA
477,21,"2020-02-06",217,527,12,"NaiveArima","exclosures","0.17.1",TRUE,NA
478,21,"2020-02-06",217,527,12,"nbGARCH","all_interp","0.17.1",TRUE,NA
479,21,"2020-02-06",217,527,12,"nbGARCH","controls_interp","0.17.1",TRUE,NA
480,21,"2020-02-06",217,527,12,"nbGARCH","exclosures_interp","0.17.1",TRUE,NA
481,21,"2020-02-06",217,527,12,"nbsGARCH","all_interp","0.17.1",TRUE,NA
482,21,"2020-02-06",217,527,12,"nbsGARCH","controls_interp","0.17.1",TRUE,NA
483,21,"2020-02-06",217,527,12,"nbsGARCH","exclosures_interp","0.17.1",TRUE,NA
484,21,"2020-02-06",217,527,12,"pevGARCH","all_interp","0.17.1",TRUE,NA
485,21,"2020-02-06",217,527,12,"pevGARCH","controls_interp","0.17.1",TRUE,NA
486,21,"2020-02-06",217,527,12,"pevGARCH","exclosures_interp","0.17.1",TRUE,NA
487,21,"2020-02-06",217,527,12,"simplexEDM","all_interp","0.17.1",TRUE,NA
488,21,"2020-02-06",217,527,12,"simplexEDM","controls_interp","0.17.1",TRUE,NA
489,21,"2020-02-06",217,527,12,"simplexEDM","exclosures_interp","0.17.1",TRUE,NA
490,22,"2020-02-07",217,527,12,"AutoArima","all","0.17.1",TRUE,NA
491,22,"2020-02-07",217,527,12,"AutoArima","controls","0.17.1",TRUE,NA
492,22,"2020-02-07",217,527,12,"AutoArima","exclosures","0.17.1",TRUE,NA
493,22,"2020-02-07",217,527,12,"ESSS","all_interp","0.17.1",TRUE,NA
494,22,"2020-02-07",217,527,12,"ESSS","controls_interp","0.17.1",TRUE,NA
495,22,"2020-02-07",217,527,12,"ESSS","exclosures_interp","0.17.1",TRUE,NA
496,22,"2020-02-07",217,527,12,"GPEDM","all_interp","0.17.1",TRUE,NA
497,22,"2020-02-07",217,527,12,"GPEDM","controls_interp","0.17.1",TRUE,NA
498,22,"2020-02-07",217,527,12,"GPEDM","exclosures_interp","0.17.1",TRUE,NA
499,22,"2020-02-07",217,527,12,"NaiveArima","all","0.17.1",TRUE,NA
500,22,"2020-02-07",217,527,12,"NaiveArima","controls","0.17.1",TRUE,NA
501,22,"2020-02-07",217,527,12,"NaiveArima","exclosures","0.17.1",TRUE,NA
502,22,"2020-02-07",217,527,12,"nbGARCH","all_interp","0.17.1",TRUE,NA
503,22,"2020-02-07",217,527,12,"nbGARCH","controls_interp","0.17.1",TRUE,NA
504,22,"2020-02-07",217,527,12,"nbGARCH","exclosures_interp","0.17.1",TRUE,NA
505,22,"2020-02-07",217,527,12,"nbsGARCH","all_interp","0.17.1",TRUE,NA
506,22,"2020-02-07",217,527,12,"nbsGARCH","controls_interp","0.17.1",TRUE,NA
507,22,"2020-02-07",217,527,12,"nbsGARCH","exclosures_interp","0.17.1",TRUE,NA
508,22,"2020-02-07",217,527,12,"pevGARCH","all_interp","0.17.1",TRUE,NA
509,22,"2020-02-07",217,527,12,"pevGARCH","controls_interp","0.17.1",TRUE,NA
510,22,"2020-02-07",217,527,12,"pevGARCH","exclosures_interp","0.17.1",TRUE,NA
511,22,"2020-02-07",217,527,12,"simplexEDM","all_interp","0.17.1",TRUE,NA
512,22,"2020-02-07",217,527,12,"simplexEDM","controls_interp","0.17.1",TRUE,NA
513,22,"2020-02-07",217,527,12,"simplexEDM","exclosures_interp","0.17.1",TRUE,NA
514,23,"2020-02-13",217,527,12,"AutoArima","all","0.17.1",TRUE,NA
515,23,"2020-02-13",217,527,12,"AutoArima","controls","0.17.1",TRUE,NA
516,23,"2020-02-13",217,527,12,"AutoArima","exclosures","0.17.1",TRUE,NA
517,23,"2020-02-13",217,527,12,"ESSS","all_interp","0.17.1",TRUE,NA
518,23,"2020-02-13",217,527,12,"ESSS","controls_interp","0.17.1",TRUE,NA
519,23,"2020-02-13",217,527,12,"ESSS","exclosures_interp","0.17.1",TRUE,NA
520,23,"2020-02-13",217,527,12,"GPEDM","all_interp","0.17.1",TRUE,NA
521,23,"2020-02-13",217,527,12,"GPEDM","controls_interp","0.17.1",TRUE,NA
522,23,"2020-02-13",217,527,12,"GPEDM","exclosures_interp","0.17.1",TRUE,NA
523,23,"2020-02-13",217,527,12,"jags_RW","all","0.17.1",TRUE,NA
524,23,"2020-02-13",217,527,12,"jags_RW","controls","0.17.1",TRUE,NA
525,23,"2020-02-13",217,527,12,"jags_RW","exclosures","0.17.1",TRUE,NA
526,23,"2020-02-13",217,527,12,"NaiveArima","all","0.17.1",TRUE,NA
527,23,"2020-02-13",217,527,12,"NaiveArima","controls","0.17.1",TRUE,NA
528,23,"2020-02-13",217,527,12,"NaiveArima","exclosures","0.17.1",TRUE,NA
529,23,"2020-02-13",217,527,12,"nbGARCH","all_interp","0.17.1",TRUE,NA
530,23,"2020-02-13",217,527,12,"nbGARCH","controls_interp","0.17.1",TRUE,NA
531,23,"2020-02-13",217,527,12,"nbGARCH","exclosures_interp","0.17.1",TRUE,NA
532,23,"2020-02-13",217,527,12,"nbsGARCH","all_interp","0.17.1",TRUE,NA
533,23,"2020-02-13",217,527,12,"nbsGARCH","controls_interp","0.17.1",TRUE,NA
534,23,"2020-02-13",217,527,12,"nbsGARCH","exclosures_interp","0.17.1",TRUE,NA
535,23,"2020-02-13",217,527,12,"pevGARCH","all_interp","0.17.1",TRUE,NA
536,23,"2020-02-13",217,527,12,"pevGARCH","controls_interp","0.17.1",TRUE,NA
537,23,"2020-02-13",217,527,12,"pevGARCH","exclosures_interp","0.17.1",TRUE,NA
538,23,"2020-02-13",217,527,12,"simplexEDM","all_interp","0.17.1",TRUE,NA
539,23,"2020-02-13",217,527,12,"simplexEDM","controls_interp","0.17.1",TRUE,NA
540,23,"2020-02-13",217,527,12,"simplexEDM","exclosures_interp","0.17.1",TRUE,NA
541,24,"2020-02-14",217,527,12,"AutoArima","all","0.17.1",TRUE,NA
542,24,"2020-02-14",217,527,12,"AutoArima","controls","0.17.1",TRUE,NA
543,24,"2020-02-14",217,527,12,"AutoArima","exclosures","0.17.1",TRUE,NA
544,24,"2020-02-14",217,527,12,"ESSS","all_interp","0.17.1",TRUE,NA
545,24,"2020-02-14",217,527,12,"ESSS","controls_interp","0.17.1",TRUE,NA
546,24,"2020-02-14",217,527,12,"ESSS","exclosures_interp","0.17.1",TRUE,NA
547,24,"2020-02-14",217,527,12,"GPEDM","all_interp","0.17.1",TRUE,NA
548,24,"2020-02-14",217,527,12,"GPEDM","controls_interp","0.17.1",TRUE,NA
549,24,"2020-02-14",217,527,12,"GPEDM","exclosures_interp","0.17.1",TRUE,NA
550,24,"2020-02-14",217,527,12,"NaiveArima","all","0.17.1",TRUE,NA
551,24,"2020-02-14",217,527,12,"NaiveArima","controls","0.17.1",TRUE,NA
552,24,"2020-02-14",217,527,12,"NaiveArima","exclosures","0.17.1",TRUE,NA
553,24,"2020-02-14",217,527,12,"nbGARCH","all_interp","0.17.1",TRUE,NA
554,24,"2020-02-14",217,527,12,"nbGARCH","controls_interp","0.17.1",TRUE,NA
555,24,"2020-02-14",217,527,12,"nbGARCH","exclosures_interp","0.17.1",TRUE,NA
556,24,"2020-02-14",217,527,12,"nbsGARCH","all_interp","0.17.1",TRUE,NA
557,24,"2020-02-14",217,527,12,"nbsGARCH","controls_interp","0.17.1",TRUE,NA
558,24,"2020-02-14",217,527,12,"nbsGARCH","exclosures_interp","0.17.1",TRUE,NA
559,24,"2020-02-14",217,527,12,"pevGARCH","all_interp","0.17.1",TRUE,NA
560,24,"2020-02-14",217,527,12,"pevGARCH","controls_interp","0.17.1",TRUE,NA
561,24,"2020-02-14",217,527,12,"pevGARCH","exclosures_interp","0.17.1",TRUE,NA
562,24,"2020-02-14",217,527,12,"simplexEDM","all_interp","0.17.1",TRUE,NA
563,24,"2020-02-14",217,527,12,"simplexEDM","controls_interp","0.17.1",TRUE,NA
564,24,"2020-02-14",217,527,12,"simplexEDM","exclosures_interp","0.17.1",TRUE,NA
565,25,"2020-02-20",217,527,12,"AutoArima","all","0.17.1",TRUE,NA
566,25,"2020-02-20",217,527,12,"AutoArima","controls","0.17.1",TRUE,NA
567,25,"2020-02-20",217,527,12,"AutoArima","exclosures","0.17.1",TRUE,NA
568,25,"2020-02-20",217,527,12,"ESSS","all_interp","0.17.1",TRUE,NA
569,25,"2020-02-20",217,527,12,"ESSS","controls_interp","0.17.1",TRUE,NA
570,25,"2020-02-20",217,527,12,"ESSS","exclosures_interp","0.17.1",TRUE,NA
571,25,"2020-02-20",217,527,12,"GPEDM","all_interp","0.17.1",TRUE,NA
572,25,"2020-02-20",217,527,12,"GPEDM","controls_interp","0.17.1",TRUE,NA
573,25,"2020-02-20",217,527,12,"GPEDM","exclosures_interp","0.17.1",TRUE,NA
574,25,"2020-02-20",217,527,12,"jags_RW","all","0.17.1",TRUE,NA
575,25,"2020-02-20",217,527,12,"jags_RW","controls","0.17.1",TRUE,NA
576,25,"2020-02-20",217,527,12,"jags_RW","exclosures","0.17.1",TRUE,NA
577,25,"2020-02-20",217,527,12,"NaiveArima","all","0.17.1",TRUE,NA
578,25,"2020-02-20",217,527,12,"NaiveArima","controls","0.17.1",TRUE,NA
579,25,"2020-02-20",217,527,12,"NaiveArima","exclosures","0.17.1",TRUE,NA
580,25,"2020-02-20",217,527,12,"nbGARCH","all_interp","0.17.1",TRUE,NA
581,25,"2020-02-20",217,527,12,"nbGARCH","controls_interp","0.17.1",TRUE,NA
582,25,"2020-02-20",217,527,12,"nbGARCH","exclosures_interp","0.17.1",TRUE,NA
583,25,"2020-02-20",217,527,12,"nbsGARCH","all_interp","0.17.1",TRUE,NA
584,25,"2020-02-20",217,527,12,"nbsGARCH","controls_interp","0.17.1",TRUE,NA
585,25,"2020-02-20",217,527,12,"nbsGARCH","exclosures_interp","0.17.1",TRUE,NA
586,25,"2020-02-20",217,527,12,"pevGARCH","all_interp","0.17.1",TRUE,NA
587,25,"2020-02-20",217,527,12,"pevGARCH","controls_interp","0.17.1",TRUE,NA
588,25,"2020-02-20",217,527,12,"pevGARCH","exclosures_interp","0.17.1",TRUE,NA
589,25,"2020-02-20",217,527,12,"simplexEDM","all_interp","0.17.1",TRUE,NA
590,25,"2020-02-20",217,527,12,"simplexEDM","controls_interp","0.17.1",TRUE,NA
591,25,"2020-02-20",217,527,12,"simplexEDM","exclosures_interp","0.17.1",TRUE,NA
592,26,"2020-02-27",217,528,12,"AutoArima","all","0.17.1",TRUE,NA
593,26,"2020-02-27",217,528,12,"AutoArima","controls","0.17.1",TRUE,NA
594,26,"2020-02-27",217,528,12,"AutoArima","exclosures","0.17.1",TRUE,NA
595,26,"2020-02-27",217,528,12,"ESSS","all_interp","0.17.1",TRUE,NA
596,26,"2020-02-27",217,528,12,"ESSS","controls_interp","0.17.1",TRUE,NA
597,26,"2020-02-27",217,528,12,"ESSS","exclosures_interp","0.17.1",TRUE,NA
598,26,"2020-02-27",217,528,12,"GPEDM","all_interp","0.17.1",TRUE,NA
599,26,"2020-02-27",217,528,12,"GPEDM","controls_interp","0.17.1",TRUE,NA
600,26,"2020-02-27",217,528,12,"GPEDM","exclosures_interp","0.17.1",TRUE,NA
601,26,"2020-02-27",217,528,12,"jags_RW","all","0.17.1",TRUE,NA
602,26,"2020-02-27",217,528,12,"jags_RW","controls","0.17.1",TRUE,NA
603,26,"2020-02-27",217,528,12,"jags_RW","exclosures","0.17.1",TRUE,NA
604,26,"2020-02-27",217,528,12,"NaiveArima","all","0.17.1",TRUE,NA
605,26,"2020-02-27",217,528,12,"NaiveArima","controls","0.17.1",TRUE,NA
606,26,"2020-02-27",217,528,12,"NaiveArima","exclosures","0.17.1",TRUE,NA
607,26,"2020-02-27",217,528,12,"nbGARCH","all_interp","0.17.1",TRUE,NA
608,26,"2020-02-27",217,528,12,"nbGARCH","controls_interp","0.17.1",TRUE,NA
609,26,"2020-02-27",217,528,12,"nbGARCH","exclosures_interp","0.17.1",TRUE,NA
610,26,"2020-02-27",217,528,12,"nbsGARCH","all_interp","0.17.1",TRUE,NA
611,26,"2020-02-27",217,528,12,"nbsGARCH","controls_interp","0.17.1",TRUE,NA
612,26,"2020-02-27",217,528,12,"nbsGARCH","exclosures_interp","0.17.1",TRUE,NA
613,26,"2020-02-27",217,528,12,"pevGARCH","all_interp","0.17.1",TRUE,NA
614,26,"2020-02-27",217,528,12,"pevGARCH","controls_interp","0.17.1",TRUE,NA
615,26,"2020-02-27",217,528,12,"pevGARCH","exclosures_interp","0.17.1",TRUE,NA
616,26,"2020-02-27",217,528,12,"simplexEDM","all_interp","0.17.1",TRUE,NA
617,26,"2020-02-27",217,528,12,"simplexEDM","controls_interp","0.17.1",TRUE,NA
618,26,"2020-02-27",217,528,12,"simplexEDM","exclosures_interp","0.17.1",TRUE,NA
619,27,"2020-03-06",217,528,12,"AutoArima","all","0.17.1",TRUE,NA
620,27,"2020-03-06",217,528,12,"AutoArima","controls","0.17.1",TRUE,NA
621,27,"2020-03-06",217,528,12,"AutoArima","exclosures","0.17.1",TRUE,NA
622,27,"2020-03-06",217,528,12,"ESSS","all_interp","0.17.1",TRUE,NA
623,27,"2020-03-06",217,528,12,"ESSS","controls_interp","0.17.1",TRUE,NA
624,27,"2020-03-06",217,528,12,"ESSS","exclosures_interp","0.17.1",TRUE,NA
625,27,"2020-03-06",217,528,12,"GPEDM","all_interp","0.17.1",TRUE,NA
626,27,"2020-03-06",217,528,12,"GPEDM","controls_interp","0.17.1",TRUE,NA
627,27,"2020-03-06",217,528,12,"GPEDM","exclosures_interp","0.17.1",TRUE,NA
628,27,"2020-03-06",217,528,12,"NaiveArima","all","0.17.1",TRUE,NA
629,27,"2020-03-06",217,528,12,"NaiveArima","controls","0.17.1",TRUE,NA
630,27,"2020-03-06",217,528,12,"NaiveArima","exclosures","0.17.1",TRUE,NA
631,27,"2020-03-06",217,528,12,"nbGARCH","all_interp","0.17.1",TRUE,NA
632,27,"2020-03-06",217,528,12,"nbGARCH","controls_interp","0.17.1",TRUE,NA
633,27,"2020-03-06",217,528,12,"nbGARCH","exclosures_interp","0.17.1",TRUE,NA
634,27,"2020-03-06",217,528,12,"nbsGARCH","all_interp","0.17.1",TRUE,NA
635,27,"2020-03-06",217,528,12,"nbsGARCH","controls_interp","0.17.1",TRUE,NA
636,27,"2020-03-06",217,528,12,"nbsGARCH","exclosures_interp","0.17.1",TRUE,NA
637,27,"2020-03-06",217,528,12,"pevGARCH","all_interp","0.17.1",TRUE,NA
638,27,"2020-03-06",217,528,12,"pevGARCH","controls_interp","0.17.1",TRUE,NA
639,27,"2020-03-06",217,528,12,"pevGARCH","exclosures_interp","0.17.1",TRUE,NA
640,27,"2020-03-06",217,528,12,"simplexEDM","all_interp","0.17.1",TRUE,NA
641,27,"2020-03-06",217,528,12,"simplexEDM","controls_interp","0.17.1",TRUE,NA
642,27,"2020-03-06",217,528,12,"simplexEDM","exclosures_interp","0.17.1",TRUE,NA
643,28,"2020-03-12",217,528,12,"AutoArima","all","0.17.1",TRUE,NA
644,28,"2020-03-12",217,528,12,"AutoArima","controls","0.17.1",TRUE,NA
645,28,"2020-03-12",217,528,12,"AutoArima","exclosures","0.17.1",TRUE,NA
646,28,"2020-03-12",217,528,12,"ESSS","all_interp","0.17.1",TRUE,NA
647,28,"2020-03-12",217,528,12,"ESSS","controls_interp","0.17.1",TRUE,NA
648,28,"2020-03-12",217,528,12,"ESSS","exclosures_interp","0.17.1",TRUE,NA
649,28,"2020-03-12",217,528,12,"GPEDM","all_interp","0.17.1",TRUE,NA
650,28,"2020-03-12",217,528,12,"GPEDM","controls_interp","0.17.1",TRUE,NA
651,28,"2020-03-12",217,528,12,"GPEDM","exclosures_interp","0.17.1",TRUE,NA
652,28,"2020-03-12",217,528,12,"jags_RW","all","0.17.1",TRUE,NA
653,28,"2020-03-12",217,528,12,"jags_RW","controls","0.17.1",TRUE,NA
654,28,"2020-03-12",217,528,12,"jags_RW","exclosures","0.17.1",TRUE,NA
655,28,"2020-03-12",217,528,12,"NaiveArima","all","0.17.1",TRUE,NA
656,28,"2020-03-12",217,528,12,"NaiveArima","controls","0.17.1",TRUE,NA
657,28,"2020-03-12",217,528,12,"NaiveArima","exclosures","0.17.1",TRUE,NA
658,28,"2020-03-12",217,528,12,"nbGARCH","all_interp","0.17.1",TRUE,NA
659,28,"2020-03-12",217,528,12,"nbGARCH","controls_interp","0.17.1",TRUE,NA
660,28,"2020-03-12",217,528,12,"nbGARCH","exclosures_interp","0.17.1",TRUE,NA
661,28,"2020-03-12",217,528,12,"nbsGARCH","all_interp","0.17.1",TRUE,NA
662,28,"2020-03-12",217,528,12,"nbsGARCH","controls_interp","0.17.1",TRUE,NA
663,28,"2020-03-12",217,528,12,"nbsGARCH","exclosures_interp","0.17.1",TRUE,NA
664,28,"2020-03-12",217,528,12,"pevGARCH","all_interp","0.17.1",TRUE,NA
665,28,"2020-03-12",217,528,12,"pevGARCH","controls_interp","0.17.1",TRUE,NA
666,28,"2020-03-12",217,528,12,"pevGARCH","exclosures_interp","0.17.1",TRUE,NA
667,28,"2020-03-12",217,528,12,"simplexEDM","all_interp","0.17.1",TRUE,NA
668,28,"2020-03-12",217,528,12,"simplexEDM","controls_interp","0.17.1",TRUE,NA
669,28,"2020-03-12",217,528,12,"simplexEDM","exclosures_interp","0.17.1",TRUE,NA
670,29,"2020-03-19",217,528,12,"AutoArima","all","0.17.1",TRUE,NA
671,29,"2020-03-19",217,528,12,"AutoArima","controls","0.17.1",TRUE,NA
672,29,"2020-03-19",217,528,12,"AutoArima","exclosures","0.17.1",TRUE,NA
673,29,"2020-03-19",217,528,12,"ESSS","all_interp","0.17.1",TRUE,NA
674,29,"2020-03-19",217,528,12,"ESSS","controls_interp","0.17.1",TRUE,NA
675,29,"2020-03-19",217,528,12,"ESSS","exclosures_interp","0.17.1",TRUE,NA
676,29,"2020-03-19",217,528,12,"GPEDM","all_interp","0.17.1",TRUE,NA
677,29,"2020-03-19",217,528,12,"GPEDM","controls_interp","0.17.1",TRUE,NA
678,29,"2020-03-19",217,528,12,"GPEDM","exclosures_interp","0.17.1",TRUE,NA
679,29,"2020-03-19",217,528,12,"jags_RW","all","0.17.1",TRUE,NA
680,29,"2020-03-19",217,528,12,"jags_RW","controls","0.17.1",TRUE,NA
681,29,"2020-03-19",217,528,12,"jags_RW","exclosures","0.17.1",TRUE,NA
682,29,"2020-03-19",217,528,12,"NaiveArima","all","0.17.1",TRUE,NA
683,29,"2020-03-19",217,528,12,"NaiveArima","controls","0.17.1",TRUE,NA
684,29,"2020-03-19",217,528,12,"NaiveArima","exclosures","0.17.1",TRUE,NA
685,29,"2020-03-19",217,528,12,"nbGARCH","all_interp","0.17.1",TRUE,NA
686,29,"2020-03-19",217,528,12,"nbGARCH","controls_interp","0.17.1",TRUE,NA
687,29,"2020-03-19",217,528,12,"nbGARCH","exclosures_interp","0.17.1",TRUE,NA
688,29,"2020-03-19",217,528,12,"nbsGARCH","all_interp","0.17.1",TRUE,NA
689,29,"2020-03-19",217,528,12,"nbsGARCH","controls_interp","0.17.1",TRUE,NA
690,29,"2020-03-19",217,528,12,"nbsGARCH","exclosures_interp","0.17.1",TRUE,NA
691,29,"2020-03-19",217,528,12,"pevGARCH","all_interp","0.17.1",TRUE,NA
692,29,"2020-03-19",217,528,12,"pevGARCH","controls_interp","0.17.1",TRUE,NA
693,29,"2020-03-19",217,528,12,"pevGARCH","exclosures_interp","0.17.1",TRUE,NA
694,29,"2020-03-19",217,528,12,"simplexEDM","all_interp","0.17.1",TRUE,NA
695,29,"2020-03-19",217,528,12,"simplexEDM","controls_interp","0.17.1",TRUE,NA
696,29,"2020-03-19",217,528,12,"simplexEDM","exclosures_interp","0.17.1",TRUE,NA
697,30,"2020-04-02",217,529,12,"AutoArima","all","0.17.1",TRUE,NA
698,30,"2020-04-02",217,529,12,"AutoArima","controls","0.17.1",TRUE,NA
699,30,"2020-04-02",217,529,12,"AutoArima","exclosures","0.17.1",TRUE,NA
700,30,"2020-04-02",217,529,12,"ESSS","all_interp","0.17.1",TRUE,NA
701,30,"2020-04-02",217,529,12,"ESSS","controls_interp","0.17.1",TRUE,NA
702,30,"2020-04-02",217,529,12,"ESSS","exclosures_interp","0.17.1",TRUE,NA
703,30,"2020-04-02",217,529,12,"GPEDM","all_interp","0.17.1",TRUE,NA
704,30,"2020-04-02",217,529,12,"GPEDM","controls_interp","0.17.1",TRUE,NA
705,30,"2020-04-02",217,529,12,"GPEDM","exclosures_interp","0.17.1",TRUE,NA
706,30,"2020-04-02",217,529,12,"jags_RW","all","0.17.1",TRUE,NA
707,30,"2020-04-02",217,529,12,"jags_RW","controls","0.17.1",TRUE,NA
708,30,"2020-04-02",217,529,12,"jags_RW","exclosures","0.17.1",TRUE,NA
709,30,"2020-04-02",217,529,12,"NaiveArima","all","0.17.1",TRUE,NA
710,30,"2020-04-02",217,529,12,"NaiveArima","controls","0.17.1",TRUE,NA
711,30,"2020-04-02",217,529,12,"NaiveArima","exclosures","0.17.1",TRUE,NA
712,30,"2020-04-02",217,529,12,"nbGARCH","all_interp","0.17.1",TRUE,NA
713,30,"2020-04-02",217,529,12,"nbGARCH","controls_interp","0.17.1",TRUE,NA
714,30,"2020-04-02",217,529,12,"nbGARCH","exclosures_interp","0.17.1",TRUE,NA
715,30,"2020-04-02",217,529,12,"nbsGARCH","all_interp","0.17.1",TRUE,NA
716,30,"2020-04-02",217,529,12,"nbsGARCH","controls_interp","0.17.1",TRUE,NA
717,30,"2020-04-02",217,529,12,"nbsGARCH","exclosures_interp","0.17.1",TRUE,NA
718,30,"2020-04-02",217,529,12,"pevGARCH","all_interp","0.17.1",TRUE,NA
719,30,"2020-04-02",217,529,12,"pevGARCH","controls_interp","0.17.1",TRUE,NA
720,30,"2020-04-02",217,529,12,"pevGARCH","exclosures_interp","0.17.1",TRUE,NA
721,30,"2020-04-02",217,529,12,"simplexEDM","all_interp","0.17.1",TRUE,NA
722,30,"2020-04-02",217,529,12,"simplexEDM","controls_interp","0.17.1",TRUE,NA
723,30,"2020-04-02",217,529,12,"simplexEDM","exclosures_interp","0.17.1",TRUE,NA
724,31,"2020-04-09",217,529,12,"AutoArima","all","0.17.1",TRUE,NA
725,31,"2020-04-09",217,529,12,"AutoArima","controls","0.17.1",TRUE,NA
726,31,"2020-04-09",217,529,12,"AutoArima","exclosures","0.17.1",TRUE,NA
727,31,"2020-04-09",217,529,12,"ESSS","all_interp","0.17.1",TRUE,NA
728,31,"2020-04-09",217,529,12,"ESSS","controls_interp","0.17.1",TRUE,NA
729,31,"2020-04-09",217,529,12,"ESSS","exclosures_interp","0.17.1",TRUE,NA
730,31,"2020-04-09",217,529,12,"GPEDM","all_interp","0.17.1",TRUE,NA
731,31,"2020-04-09",217,529,12,"GPEDM","controls_interp","0.17.1",TRUE,NA
732,31,"2020-04-09",217,529,12,"GPEDM","exclosures_interp","0.17.1",TRUE,NA
733,31,"2020-04-09",217,529,12,"jags_RW","all","0.17.1",TRUE,NA
734,31,"2020-04-09",217,529,12,"jags_RW","controls","0.17.1",TRUE,NA
735,31,"2020-04-09",217,529,12,"jags_RW","exclosures","0.17.1",TRUE,NA
736,31,"2020-04-09",217,529,12,"NaiveArima","all","0.17.1",TRUE,NA
737,31,"2020-04-09",217,529,12,"NaiveArima","controls","0.17.1",TRUE,NA
738,31,"2020-04-09",217,529,12,"NaiveArima","exclosures","0.17.1",TRUE,NA
739,31,"2020-04-09",217,529,12,"nbGARCH","all_interp","0.17.1",TRUE,NA
740,31,"2020-04-09",217,529,12,"nbGARCH","controls_interp","0.17.1",TRUE,NA
741,31,"2020-04-09",217,529,12,"nbGARCH","exclosures_interp","0.17.1",TRUE,NA
742,31,"2020-04-09",217,529,12,"nbsGARCH","all_interp","0.17.1",TRUE,NA
743,31,"2020-04-09",217,529,12,"nbsGARCH","controls_interp","0.17.1",TRUE,NA
744,31,"2020-04-09",217,529,12,"nbsGARCH","exclosures_interp","0.17.1",TRUE,NA
745,31,"2020-04-09",217,529,12,"pevGARCH","all_interp","0.17.1",TRUE,NA
746,31,"2020-04-09",217,529,12,"pevGARCH","controls_interp","0.17.1",TRUE,NA
747,31,"2020-04-09",217,529,12,"pevGARCH","exclosures_interp","0.17.1",TRUE,NA
748,31,"2020-04-09",217,529,12,"simplexEDM","all_interp","0.17.1",TRUE,NA
749,31,"2020-04-09",217,529,12,"simplexEDM","controls_interp","0.17.1",TRUE,NA
750,31,"2020-04-09",217,529,12,"simplexEDM","exclosures_interp","0.17.1",TRUE,NA
751,32,"2020-05-07",217,530,12,"AutoArima","all","0.17.1",TRUE,NA
752,32,"2020-05-07",217,530,12,"AutoArima","controls","0.17.1",TRUE,NA
753,32,"2020-05-07",217,530,12,"AutoArima","exclosures","0.17.1",TRUE,NA
754,32,"2020-05-07",217,530,12,"ESSS","all_interp","0.17.1",TRUE,NA
755,32,"2020-05-07",217,530,12,"ESSS","controls_interp","0.17.1",TRUE,NA
756,32,"2020-05-07",217,530,12,"ESSS","exclosures_interp","0.17.1",TRUE,NA
757,32,"2020-05-07",217,530,12,"GPEDM","all_interp","0.17.1",TRUE,NA
758,32,"2020-05-07",217,530,12,"GPEDM","controls_interp","0.17.1",TRUE,NA
759,32,"2020-05-07",217,530,12,"GPEDM","exclosures_interp","0.17.1",TRUE,NA
760,32,"2020-05-07",217,530,12,"jags_RW","all","0.17.1",TRUE,NA
761,32,"2020-05-07",217,530,12,"jags_RW","controls","0.17.1",TRUE,NA
762,32,"2020-05-07",217,530,12,"jags_RW","exclosures","0.17.1",TRUE,NA
763,32,"2020-05-07",217,530,12,"NaiveArima","all","0.17.1",TRUE,NA
764,32,"2020-05-07",217,530,12,"NaiveArima","controls","0.17.1",TRUE,NA
765,32,"2020-05-07",217,530,12,"NaiveArima","exclosures","0.17.1",TRUE,NA
766,32,"2020-05-07",217,530,12,"nbGARCH","all_interp","0.17.1",TRUE,NA
767,32,"2020-05-07",217,530,12,"nbGARCH","controls_interp","0.17.1",TRUE,NA
768,32,"2020-05-07",217,530,12,"nbGARCH","exclosures_interp","0.17.1",TRUE,NA
769,32,"2020-05-07",217,530,12,"nbsGARCH","all_interp","0.17.1",TRUE,NA
770,32,"2020-05-07",217,530,12,"nbsGARCH","controls_interp","0.17.1",TRUE,NA
771,32,"2020-05-07",217,530,12,"nbsGARCH","exclosures_interp","0.17.1",TRUE,NA
772,32,"2020-05-07",217,530,12,"pevGARCH","all_interp","0.17.1",TRUE,NA
773,32,"2020-05-07",217,530,12,"pevGARCH","controls_interp","0.17.1",TRUE,NA
774,32,"2020-05-07",217,530,12,"pevGARCH","exclosures_interp","0.17.1",TRUE,NA
775,32,"2020-05-07",217,530,12,"simplexEDM","all_interp","0.17.1",TRUE,NA
776,32,"2020-05-07",217,530,12,"simplexEDM","controls_interp","0.17.1",TRUE,NA
777,32,"2020-05-07",217,530,12,"simplexEDM","exclosures_interp","0.17.1",TRUE,NA
778,33,"2020-05-14",217,530,12,"AutoArima","all","0.17.1",TRUE,NA
779,33,"2020-05-14",217,530,12,"AutoArima","controls","0.17.1",TRUE,NA
780,33,"2020-05-14",217,530,12,"AutoArima","exclosures","0.17.1",TRUE,NA
781,33,"2020-05-14",217,530,12,"ESSS","all_interp","0.17.1",TRUE,NA
782,33,"2020-05-14",217,530,12,"ESSS","controls_interp","0.17.1",TRUE,NA
783,33,"2020-05-14",217,530,12,"ESSS","exclosures_interp","0.17.1",TRUE,NA
784,33,"2020-05-14",217,530,12,"GPEDM","all_interp","0.17.1",TRUE,NA
785,33,"2020-05-14",217,530,12,"GPEDM","controls_interp","0.17.1",TRUE,NA
786,33,"2020-05-14",217,530,12,"GPEDM","exclosures_interp","0.17.1",TRUE,NA
787,33,"2020-05-14",217,530,12,"jags_RW","all","0.17.1",TRUE,NA
788,33,"2020-05-14",217,530,12,"jags_RW","controls","0.17.1",TRUE,NA
789,33,"2020-05-14",217,530,12,"jags_RW","exclosures","0.17.1",TRUE,NA
790,33,"2020-05-14",217,530,12,"NaiveArima","all","0.17.1",TRUE,NA
791,33,"2020-05-14",217,530,12,"NaiveArima","controls","0.17.1",TRUE,NA
792,33,"2020-05-14",217,530,12,"NaiveArima","exclosures","0.17.1",TRUE,NA
793,33,"2020-05-14",217,530,12,"nbGARCH","all_interp","0.17.1",TRUE,NA
794,33,"2020-05-14",217,530,12,"nbGARCH","controls_interp","0.17.1",TRUE,NA
795,33,"2020-05-14",217,530,12,"nbGARCH","exclosures_interp","0.17.1",TRUE,NA
796,33,"2020-05-14",217,530,12,"nbsGARCH","all_interp","0.17.1",TRUE,NA
797,33,"2020-05-14",217,530,12,"nbsGARCH","controls_interp","0.17.1",TRUE,NA
798,33,"2020-05-14",217,530,12,"nbsGARCH","exclosures_interp","0.17.1",TRUE,NA
799,33,"2020-05-14",217,530,12,"pevGARCH","all_interp","0.17.1",TRUE,NA
800,33,"2020-05-14",217,530,12,"pevGARCH","controls_interp","0.17.1",TRUE,NA
801,33,"2020-05-14",217,530,12,"pevGARCH","exclosures_interp","0.17.1",TRUE,NA
802,33,"2020-05-14",217,530,12,"simplexEDM","all_interp","0.17.1",TRUE,NA
803,33,"2020-05-14",217,530,12,"simplexEDM","controls_interp","0.17.1",TRUE,NA
804,33,"2020-05-14",217,530,12,"simplexEDM","exclosures_interp","0.17.1",TRUE,NA
805,34,"2020-05-21",217,530,12,"AutoArima","all","0.17.1",TRUE,NA
806,34,"2020-05-21",217,530,12,"AutoArima","controls","0.17.1",TRUE,NA
807,34,"2020-05-21",217,530,12,"AutoArima","exclosures","0.17.1",TRUE,NA
808,34,"2020-05-21",217,530,12,"ESSS","all_interp","0.17.1",TRUE,NA
809,34,"2020-05-21",217,530,12,"ESSS","controls_interp","0.17.1",TRUE,NA
810,34,"2020-05-21",217,530,12,"ESSS","exclosures_interp","0.17.1",TRUE,NA
811,34,"2020-05-21",217,530,12,"GPEDM","all_interp","0.17.1",TRUE,NA
812,34,"2020-05-21",217,530,12,"GPEDM","controls_interp","0.17.1",TRUE,NA
813,34,"2020-05-21",217,530,12,"GPEDM","exclosures_interp","0.17.1",TRUE,NA
814,34,"2020-05-21",217,530,12,"jags_RW","all","0.17.1",TRUE,NA
815,34,"2020-05-21",217,530,12,"jags_RW","controls","0.17.1",TRUE,NA
816,34,"2020-05-21",217,530,12,"jags_RW","exclosures","0.17.1",TRUE,NA
817,34,"2020-05-21",217,530,12,"NaiveArima","all","0.17.1",TRUE,NA
818,34,"2020-05-21",217,530,12,"NaiveArima","controls","0.17.1",TRUE,NA
819,34,"2020-05-21",217,530,12,"NaiveArima","exclosures","0.17.1",TRUE,NA
820,34,"2020-05-21",217,530,12,"nbGARCH","all_interp","0.17.1",TRUE,NA
821,34,"2020-05-21",217,530,12,"nbGARCH","controls_interp","0.17.1",TRUE,NA
822,34,"2020-05-21",217,530,12,"nbGARCH","exclosures_interp","0.17.1",TRUE,NA
823,34,"2020-05-21",217,530,12,"nbsGARCH","all_interp","0.17.1",TRUE,NA
824,34,"2020-05-21",217,530,12,"nbsGARCH","controls_interp","0.17.1",TRUE,NA
825,34,"2020-05-21",217,530,12,"nbsGARCH","exclosures_interp","0.17.1",TRUE,NA
826,34,"2020-05-21",217,530,12,"pevGARCH","all_interp","0.17.1",TRUE,NA
827,34,"2020-05-21",217,530,12,"pevGARCH","controls_interp","0.17.1",TRUE,NA
828,34,"2020-05-21",217,530,12,"pevGARCH","exclosures_interp","0.17.1",TRUE,NA
829,34,"2020-05-21",217,530,12,"simplexEDM","all_interp","0.17.1",TRUE,NA
830,34,"2020-05-21",217,530,12,"simplexEDM","controls_interp","0.17.1",TRUE,NA
831,34,"2020-05-21",217,530,12,"simplexEDM","exclosures_interp","0.17.1",TRUE,NA
832,35,"2020-05-28",217,531,12,"AutoArima","all","0.17.1",TRUE,NA
833,35,"2020-05-28",217,531,12,"AutoArima","controls","0.17.1",TRUE,NA
834,35,"2020-05-28",217,531,12,"AutoArima","exclosures","0.17.1",TRUE,NA
835,35,"2020-05-28",217,531,12,"ESSS","all_interp","0.17.1",TRUE,NA
836,35,"2020-05-28",217,531,12,"ESSS","controls_interp","0.17.1",TRUE,NA
837,35,"2020-05-28",217,531,12,"ESSS","exclosures_interp","0.17.1",TRUE,NA
838,35,"2020-05-28",217,531,12,"GPEDM","all_interp","0.17.1",TRUE,NA
839,35,"2020-05-28",217,531,12,"GPEDM","controls_interp","0.17.1",TRUE,NA
840,35,"2020-05-28",217,531,12,"GPEDM","exclosures_interp","0.17.1",TRUE,NA
841,35,"2020-05-28",217,531,12,"jags_RW","all","0.17.1",TRUE,NA
842,35,"2020-05-28",217,531,12,"jags_RW","controls","0.17.1",TRUE,NA
843,35,"2020-05-28",217,531,12,"jags_RW","exclosures","0.17.1",TRUE,NA
844,35,"2020-05-28",217,531,12,"NaiveArima","all","0.17.1",TRUE,NA
845,35,"2020-05-28",217,531,12,"NaiveArima","controls","0.17.1",TRUE,NA
846,35,"2020-05-28",217,531,12,"NaiveArima","exclosures","0.17.1",TRUE,NA
847,35,"2020-05-28",217,531,12,"nbGARCH","all_interp","0.17.1",TRUE,NA
848,35,"2020-05-28",217,531,12,"nbGARCH","controls_interp","0.17.1",TRUE,NA
849,35,"2020-05-28",217,531,12,"nbGARCH","exclosures_interp","0.17.1",TRUE,NA
850,35,"2020-05-28",217,531,12,"nbsGARCH","all_interp","0.17.1",TRUE,NA
851,35,"2020-05-28",217,531,12,"nbsGARCH","controls_interp","0.17.1",TRUE,NA
852,35,"2020-05-28",217,531,12,"nbsGARCH","exclosures_interp","0.17.1",TRUE,NA
853,35,"2020-05-28",217,531,12,"pevGARCH","all_interp","0.17.1",TRUE,NA
854,35,"2020-05-28",217,531,12,"pevGARCH","controls_interp","0.17.1",TRUE,NA
855,35,"2020-05-28",217,531,12,"pevGARCH","exclosures_interp","0.17.1",TRUE,NA
856,35,"2020-05-28",217,531,12,"simplexEDM","all_interp","0.17.1",TRUE,NA
857,35,"2020-05-28",217,531,12,"simplexEDM","controls_interp","0.17.1",TRUE,NA
858,35,"2020-05-28",217,531,12,"simplexEDM","exclosures_interp","0.17.1",TRUE,NA
859,36,"2020-06-04",217,531,12,"AutoArima","all","0.17.1",TRUE,NA
860,36,"2020-06-04",217,531,12,"AutoArima","controls","0.17.1",TRUE,NA
861,36,"2020-06-04",217,531,12,"AutoArima","exclosures","0.17.1",TRUE,NA
862,36,"2020-06-04",217,531,12,"ESSS","all_interp","0.17.1",TRUE,NA
863,36,"2020-06-04",217,531,12,"ESSS","controls_interp","0.17.1",TRUE,NA
864,36,"2020-06-04",217,531,12,"ESSS","exclosures_interp","0.17.1",TRUE,NA
865,36,"2020-06-04",217,531,12,"GPEDM","all_interp","0.17.1",TRUE,NA
866,36,"2020-06-04",217,531,12,"GPEDM","controls_interp","0.17.1",TRUE,NA
867,36,"2020-06-04",217,531,12,"GPEDM","exclosures_interp","0.17.1",TRUE,NA
868,36,"2020-06-04",217,531,12,"jags_RW","all","0.17.1",TRUE,NA
869,36,"2020-06-04",217,531,12,"jags_RW","controls","0.17.1",TRUE,NA
870,36,"2020-06-04",217,531,12,"jags_RW","exclosures","0.17.1",TRUE,NA
871,36,"2020-06-04",217,531,12,"NaiveArima","all","0.17.1",TRUE,NA
872,36,"2020-06-04",217,531,12,"NaiveArima","controls","0.17.1",TRUE,NA
873,36,"2020-06-04",217,531,12,"NaiveArima","exclosures","0.17.1",TRUE,NA
874,36,"2020-06-04",217,531,12,"nbGARCH","all_interp","0.17.1",TRUE,NA
875,36,"2020-06-04",217,531,12,"nbGARCH","controls_interp","0.17.1",TRUE,NA
876,36,"2020-06-04",217,531,12,"nbGARCH","exclosures_interp","0.17.1",TRUE,NA
877,36,"2020-06-04",217,531,12,"nbsGARCH","all_interp","0.17.1",TRUE,NA
878,36,"2020-06-04",217,531,12,"nbsGARCH","controls_interp","0.17.1",TRUE,NA
879,36,"2020-06-04",217,531,12,"nbsGARCH","exclosures_interp","0.17.1",TRUE,NA
880,36,"2020-06-04",217,531,12,"pevGARCH","all_interp","0.17.1",TRUE,NA
881,36,"2020-06-04",217,531,12,"pevGARCH","controls_interp","0.17.1",TRUE,NA
882,36,"2020-06-04",217,531,12,"pevGARCH","exclosures_interp","0.17.1",TRUE,NA
883,36,"2020-06-04",217,531,12,"simplexEDM","all_interp","0.17.1",TRUE,NA
884,36,"2020-06-04",217,531,12,"simplexEDM","controls_interp","0.17.1",TRUE,NA
885,36,"2020-06-04",217,531,12,"simplexEDM","exclosures_interp","0.17.1",TRUE,NA
886,37,"2020-06-11",217,531,12,"AutoArima","all","0.17.1",TRUE,NA
887,37,"2020-06-11",217,531,12,"AutoArima","controls","0.17.1",TRUE,NA
888,37,"2020-06-11",217,531,12,"AutoArima","exclosures","0.17.1",TRUE,NA
889,37,"2020-06-11",217,531,12,"ESSS","all_interp","0.17.1",TRUE,NA
890,37,"2020-06-11",217,531,12,"ESSS","controls_interp","0.17.1",TRUE,NA
891,37,"2020-06-11",217,531,12,"ESSS","exclosures_interp","0.17.1",TRUE,NA
892,37,"2020-06-11",217,531,12,"GPEDM","all_interp","0.17.1",TRUE,NA
893,37,"2020-06-11",217,531,12,"GPEDM","controls_interp","0.17.1",TRUE,NA
894,37,"2020-06-11",217,531,12,"GPEDM","exclosures_interp","0.17.1",TRUE,NA
895,37,"2020-06-11",217,531,12,"jags_RW","all","0.17.1",TRUE,NA
896,37,"2020-06-11",217,531,12,"jags_RW","controls","0.17.1",TRUE,NA
897,37,"2020-06-11",217,531,12,"jags_RW","exclosures","0.17.1",TRUE,NA
898,37,"2020-06-11",217,531,12,"NaiveArima","all","0.17.1",TRUE,NA
899,37,"2020-06-11",217,531,12,"NaiveArima","controls","0.17.1",TRUE,NA
900,37,"2020-06-11",217,531,12,"NaiveArima","exclosures","0.17.1",TRUE,NA
901,37,"2020-06-11",217,531,12,"nbGARCH","all_interp","0.17.1",TRUE,NA
902,37,"2020-06-11",217,531,12,"nbGARCH","controls_interp","0.17.1",TRUE,NA
903,37,"2020-06-11",217,531,12,"nbGARCH","exclosures_interp","0.17.1",TRUE,NA
904,37,"2020-06-11",217,531,12,"nbsGARCH","all_interp","0.17.1",TRUE,NA
905,37,"2020-06-11",217,531,12,"nbsGARCH","controls_interp","0.17.1",TRUE,NA
906,37,"2020-06-11",217,531,12,"nbsGARCH","exclosures_interp","0.17.1",TRUE,NA
907,37,"2020-06-11",217,531,12,"pevGARCH","all_interp","0.17.1",TRUE,NA
908,37,"2020-06-11",217,531,12,"pevGARCH","controls_interp","0.17.1",TRUE,NA
909,37,"2020-06-11",217,531,12,"pevGARCH","exclosures_interp","0.17.1",TRUE,NA
910,37,"2020-06-11",217,531,12,"simplexEDM","all_interp","0.17.1",TRUE,NA
911,37,"2020-06-11",217,531,12,"simplexEDM","controls_interp","0.17.1",TRUE,NA
912,37,"2020-06-11",217,531,12,"simplexEDM","exclosures_interp","0.17.1",TRUE,NA
913,38,"2020-06-18",217,531,12,"AutoArima","all","0.17.1",TRUE,NA
914,38,"2020-06-18",217,531,12,"AutoArima","controls","0.17.1",TRUE,NA
915,38,"2020-06-18",217,531,12,"AutoArima","exclosures","0.17.1",TRUE,NA
916,38,"2020-06-18",217,531,12,"ESSS","all_interp","0.17.1",TRUE,NA
917,38,"2020-06-18",217,531,12,"ESSS","controls_interp","0.17.1",TRUE,NA
918,38,"2020-06-18",217,531,12,"ESSS","exclosures_interp","0.17.1",TRUE,NA
919,38,"2020-06-18",217,531,12,"GPEDM","all_interp","0.17.1",TRUE,NA
920,38,"2020-06-18",217,531,12,"GPEDM","controls_interp","0.17.1",TRUE,NA
921,38,"2020-06-18",217,531,12,"GPEDM","exclosures_interp","0.17.1",TRUE,NA
922,38,"2020-06-18",217,531,12,"jags_RW","all","0.17.1",TRUE,NA
923,38,"2020-06-18",217,531,12,"jags_RW","controls","0.17.1",TRUE,NA
924,38,"2020-06-18",217,531,12,"jags_RW","exclosures","0.17.1",TRUE,NA
925,38,"2020-06-18",217,531,12,"NaiveArima","all","0.17.1",TRUE,NA
926,38,"2020-06-18",217,531,12,"NaiveArima","controls","0.17.1",TRUE,NA
927,38,"2020-06-18",217,531,12,"NaiveArima","exclosures","0.17.1",TRUE,NA
928,38,"2020-06-18",217,531,12,"nbGARCH","all_interp","0.17.1",TRUE,NA
929,38,"2020-06-18",217,531,12,"nbGARCH","controls_interp","0.17.1",TRUE,NA
930,38,"2020-06-18",217,531,12,"nbGARCH","exclosures_interp","0.17.1",TRUE,NA
931,38,"2020-06-18",217,531,12,"nbsGARCH","all_interp","0.17.1",TRUE,NA
932,38,"2020-06-18",217,531,12,"nbsGARCH","controls_interp","0.17.1",TRUE,NA
933,38,"2020-06-18",217,531,12,"nbsGARCH","exclosures_interp","0.17.1",TRUE,NA
934,38,"2020-06-18",217,531,12,"pevGARCH","all_interp","0.17.1",TRUE,NA
935,38,"2020-06-18",217,531,12,"pevGARCH","controls_interp","0.17.1",TRUE,NA
936,38,"2020-06-18",217,531,12,"pevGARCH","exclosures_interp","0.17.1",TRUE,NA
937,38,"2020-06-18",217,531,12,"simplexEDM","all_interp","0.17.1",TRUE,NA
938,38,"2020-06-18",217,531,12,"simplexEDM","controls_interp","0.17.1",TRUE,NA
939,38,"2020-06-18",217,531,12,"simplexEDM","exclosures_interp","0.17.1",TRUE,NA
940,39,"2020-07-02",217,532,12,"AutoArima","all","0.17.1",TRUE,NA
941,39,"2020-07-02",217,532,12,"AutoArima","controls","0.17.1",TRUE,NA
942,39,"2020-07-02",217,532,12,"AutoArima","exclosures","0.17.1",TRUE,NA
943,39,"2020-07-02",217,532,12,"ESSS","all_interp","0.17.1",TRUE,NA
944,39,"2020-07-02",217,532,12,"ESSS","controls_interp","0.17.1",TRUE,NA
945,39,"2020-07-02",217,532,12,"ESSS","exclosures_interp","0.17.1",TRUE,NA
946,39,"2020-07-02",217,532,12,"GPEDM","all_interp","0.17.1",TRUE,NA
947,39,"2020-07-02",217,532,12,"GPEDM","controls_interp","0.17.1",TRUE,NA
948,39,"2020-07-02",217,532,12,"GPEDM","exclosures_interp","0.17.1",TRUE,NA
949,39,"2020-07-02",217,532,12,"jags_RW","all","0.17.1",TRUE,NA
950,39,"2020-07-02",217,532,12,"jags_RW","controls","0.17.1",TRUE,NA
951,39,"2020-07-02",217,532,12,"jags_RW","exclosures","0.17.1",TRUE,NA
952,39,"2020-07-02",217,532,12,"NaiveArima","all","0.17.1",TRUE,NA
953,39,"2020-07-02",217,532,12,"NaiveArima","controls","0.17.1",TRUE,NA
954,39,"2020-07-02",217,532,12,"NaiveArima","exclosures","0.17.1",TRUE,NA
955,39,"2020-07-02",217,532,12,"nbGARCH","all_interp","0.17.1",TRUE,NA
956,39,"2020-07-02",217,532,12,"nbGARCH","controls_interp","0.17.1",TRUE,NA
957,39,"2020-07-02",217,532,12,"nbGARCH","exclosures_interp","0.17.1",TRUE,NA
958,39,"2020-07-02",217,532,12,"nbsGARCH","all_interp","0.17.1",TRUE,NA
959,39,"2020-07-02",217,532,12,"nbsGARCH","controls_interp","0.17.1",TRUE,NA
960,39,"2020-07-02",217,532,12,"nbsGARCH","exclosures_interp","0.17.1",TRUE,NA
961,39,"2020-07-02",217,532,12,"pevGARCH","all_interp","0.17.1",TRUE,NA
962,39,"2020-07-02",217,532,12,"pevGARCH","controls_interp","0.17.1",TRUE,NA
963,39,"2020-07-02",217,532,12,"pevGARCH","exclosures_interp","0.17.1",TRUE,NA
964,39,"2020-07-02",217,532,12,"simplexEDM","all_interp","0.17.1",TRUE,NA
965,39,"2020-07-02",217,532,12,"simplexEDM","controls_interp","0.17.1",TRUE,NA
966,39,"2020-07-02",217,532,12,"simplexEDM","exclosures_interp","0.17.1",TRUE,NA
967,40,"2020-07-09",217,532,12,"AutoArima","all","0.17.1",TRUE,NA
968,40,"2020-07-09",217,532,12,"AutoArima","controls","0.17.1",TRUE,NA
969,40,"2020-07-09",217,532,12,"AutoArima","exclosures","0.17.1",TRUE,NA
970,40,"2020-07-09",217,532,12,"ESSS","all_interp","0.17.1",TRUE,NA
971,40,"2020-07-09",217,532,12,"ESSS","controls_interp","0.17.1",TRUE,NA
972,40,"2020-07-09",217,532,12,"ESSS","exclosures_interp","0.17.1",TRUE,NA
973,40,"2020-07-09",217,532,12,"GPEDM","all_interp","0.17.1",TRUE,NA
974,40,"2020-07-09",217,532,12,"GPEDM","controls_interp","0.17.1",TRUE,NA
975,40,"2020-07-09",217,532,12,"GPEDM","exclosures_interp","0.17.1",TRUE,NA
976,40,"2020-07-09",217,532,12,"jags_RW","all","0.17.1",TRUE,NA
977,40,"2020-07-09",217,532,12,"jags_RW","controls","0.17.1",TRUE,NA
978,40,"2020-07-09",217,532,12,"jags_RW","exclosures","0.17.1",TRUE,NA
979,40,"2020-07-09",217,532,12,"NaiveArima","all","0.17.1",TRUE,NA
980,40,"2020-07-09",217,532,12,"NaiveArima","controls","0.17.1",TRUE,NA
981,40,"2020-07-09",217,532,12,"NaiveArima","exclosures","0.17.1",TRUE,NA
982,40,"2020-07-09",217,532,12,"nbGARCH","all_interp","0.17.1",TRUE,NA
983,40,"2020-07-09",217,532,12,"nbGARCH","controls_interp","0.17.1",TRUE,NA
984,40,"2020-07-09",217,532,12,"nbGARCH","exclosures_interp","0.17.1",TRUE,NA
985,40,"2020-07-09",217,532,12,"nbsGARCH","all_interp","0.17.1",TRUE,NA
986,40,"2020-07-09",217,532,12,"nbsGARCH","controls_interp","0.17.1",TRUE,NA
987,40,"2020-07-09",217,532,12,"nbsGARCH","exclosures_interp","0.17.1",TRUE,NA
988,40,"2020-07-09",217,532,12,"pevGARCH","all_interp","0.17.1",TRUE,NA
989,40,"2020-07-09",217,532,12,"pevGARCH","controls_interp","0.17.1",TRUE,NA
990,40,"2020-07-09",217,532,12,"pevGARCH","exclosures_interp","0.17.1",TRUE,NA
991,40,"2020-07-09",217,532,12,"simplexEDM","all_interp","0.17.1",TRUE,NA
992,40,"2020-07-09",217,532,12,"simplexEDM","controls_interp","0.17.1",TRUE,NA
993,40,"2020-07-09",217,532,12,"simplexEDM","exclosures_interp","0.17.1",TRUE,NA
994,41,"2020-07-16",217,532,12,"AutoArima","all","0.17.1",TRUE,NA
995,41,"2020-07-16",217,532,12,"AutoArima","controls","0.17.1",TRUE,NA
996,41,"2020-07-16",217,532,12,"AutoArima","exclosures","0.17.1",TRUE,NA
997,41,"2020-07-16",217,532,12,"ESSS","all_interp","0.17.1",TRUE,NA
998,41,"2020-07-16",217,532,12,"ESSS","controls_interp","0.17.1",TRUE,NA
999,41,"2020-07-16",217,532,12,"ESSS","exclosures_interp","0.17.1",TRUE,NA
1000,41,"2020-07-16",217,532,12,"GPEDM","all_interp","0.17.1",TRUE,NA
1001,41,"2020-07-16",217,532,12,"GPEDM","controls_interp","0.17.1",TRUE,NA
1002,41,"2020-07-16",217,532,12,"GPEDM","exclosures_interp","0.17.1",TRUE,NA
1003,41,"2020-07-16",217,532,12,"jags_RW","all","0.17.1",TRUE,NA
1004,41,"2020-07-16",217,532,12,"jags_RW","controls","0.17.1",TRUE,NA
1005,41,"2020-07-16",217,532,12,"jags_RW","exclosures","0.17.1",TRUE,NA
1006,41,"2020-07-16",217,532,12,"NaiveArima","all","0.17.1",TRUE,NA
1007,41,"2020-07-16",217,532,12,"NaiveArima","controls","0.17.1",TRUE,NA
1008,41,"2020-07-16",217,532,12,"NaiveArima","exclosures","0.17.1",TRUE,NA
1009,41,"2020-07-16",217,532,12,"nbGARCH","all_interp","0.17.1",TRUE,NA
1010,41,"2020-07-16",217,532,12,"nbGARCH","controls_interp","0.17.1",TRUE,NA
1011,41,"2020-07-16",217,532,12,"nbGARCH","exclosures_interp","0.17.1",TRUE,NA
1012,41,"2020-07-16",217,532,12,"nbsGARCH","all_interp","0.17.1",TRUE,NA
1013,41,"2020-07-16",217,532,12,"nbsGARCH","controls_interp","0.17.1",TRUE,NA
1014,41,"2020-07-16",217,532,12,"nbsGARCH","exclosures_interp","0.17.1",TRUE,NA
1015,41,"2020-07-16",217,532,12,"pevGARCH","all_interp","0.17.1",TRUE,NA
1016,41,"2020-07-16",217,532,12,"pevGARCH","controls_interp","0.17.1",TRUE,NA
1017,41,"2020-07-16",217,532,12,"pevGARCH","exclosures_interp","0.17.1",TRUE,NA
1018,41,"2020-07-16",217,532,12,"simplexEDM","all_interp","0.17.1",TRUE,NA
1019,41,"2020-07-16",217,532,12,"simplexEDM","controls_interp","0.17.1",TRUE,NA
1020,41,"2020-07-16",217,532,12,"simplexEDM","exclosures_interp","0.17.1",TRUE,NA
1021,42,"2020-07-23",217,533,12,"AutoArima","all","0.17.1",TRUE,NA
1022,42,"2020-07-23",217,533,12,"AutoArima","controls","0.17.1",TRUE,NA
1023,42,"2020-07-23",217,533,12,"AutoArima","exclosures","0.17.1",TRUE,NA
1024,42,"2020-07-23",217,533,12,"ESSS","all_interp","0.17.1",TRUE,NA
1025,42,"2020-07-23",217,533,12,"ESSS","controls_interp","0.17.1",TRUE,NA
1026,42,"2020-07-23",217,533,12,"ESSS","exclosures_interp","0.17.1",TRUE,NA
1027,42,"2020-07-23",217,533,12,"GPEDM","all_interp","0.17.1",TRUE,NA
1028,42,"2020-07-23",217,533,12,"GPEDM","controls_interp","0.17.1",TRUE,NA
1029,42,"2020-07-23",217,533,12,"GPEDM","exclosures_interp","0.17.1",TRUE,NA
1030,42,"2020-07-23",217,533,12,"jags_RW","all","0.17.1",TRUE,NA
1031,42,"2020-07-23",217,533,12,"jags_RW","controls","0.17.1",TRUE,NA
1032,42,"2020-07-23",217,533,12,"jags_RW","exclosures","0.17.1",TRUE,NA
1033,42,"2020-07-23",217,533,12,"NaiveArima","all","0.17.1",TRUE,NA
1034,42,"2020-07-23",217,533,12,"NaiveArima","controls","0.17.1",TRUE,NA
1035,42,"2020-07-23",217,533,12,"NaiveArima","exclosures","0.17.1",TRUE,NA
1036,42,"2020-07-23",217,533,12,"nbGARCH","all_interp","0.17.1",TRUE,NA
1037,42,"2020-07-23",217,533,12,"nbGARCH","controls_interp","0.17.1",TRUE,NA
1038,42,"2020-07-23",217,533,12,"nbGARCH","exclosures_interp","0.17.1",TRUE,NA
1039,42,"2020-07-23",217,533,12,"nbsGARCH","all_interp","0.17.1",TRUE,NA
1040,42,"2020-07-23",217,533,12,"nbsGARCH","controls_interp","0.17.1",TRUE,NA
1041,42,"2020-07-23",217,533,12,"nbsGARCH","exclosures_interp","0.17.1",TRUE,NA
1042,42,"2020-07-23",217,533,12,"pevGARCH","all_interp","0.17.1",TRUE,NA
1043,42,"2020-07-23",217,533,12,"pevGARCH","controls_interp","0.17.1",TRUE,NA
1044,42,"2020-07-23",217,533,12,"pevGARCH","exclosures_interp","0.17.1",TRUE,NA
1045,42,"2020-07-23",217,533,12,"simplexEDM","all_interp","0.17.1",TRUE,NA
1046,42,"2020-07-23",217,533,12,"simplexEDM","controls_interp","0.17.1",TRUE,NA
1047,42,"2020-07-23",217,533,12,"simplexEDM","exclosures_interp","0.17.1",TRUE,NA
1048,43,"2020-07-30",217,533,12,"AutoArima","all","0.17.1",TRUE,NA
1049,43,"2020-07-30",217,533,12,"AutoArima","controls","0.17.1",TRUE,NA
1050,43,"2020-07-30",217,533,12,"AutoArima","exclosures","0.17.1",TRUE,NA
1051,43,"2020-07-30",217,533,12,"ESSS","all_interp","0.17.1",TRUE,NA
1052,43,"2020-07-30",217,533,12,"ESSS","controls_interp","0.17.1",TRUE,NA
1053,43,"2020-07-30",217,533,12,"ESSS","exclosures_interp","0.17.1",TRUE,NA
1054,43,"2020-07-30",217,533,12,"GPEDM","all_interp","0.17.1",TRUE,NA
1055,43,"2020-07-30",217,533,12,"GPEDM","controls_interp","0.17.1",TRUE,NA
1056,43,"2020-07-30",217,533,12,"GPEDM","exclosures_interp","0.17.1",TRUE,NA
1057,43,"2020-07-30",217,533,12,"jags_RW","all","0.17.1",TRUE,NA
1058,43,"2020-07-30",217,533,12,"jags_RW","controls","0.17.1",TRUE,NA
1059,43,"2020-07-30",217,533,12,"jags_RW","exclosures","0.17.1",TRUE,NA
1060,43,"2020-07-30",217,533,12,"NaiveArima","all","0.17.1",TRUE,NA
1061,43,"2020-07-30",217,533,12,"NaiveArima","controls","0.17.1",TRUE,NA
1062,43,"2020-07-30",217,533,12,"NaiveArima","exclosures","0.17.1",TRUE,NA
1063,43,"2020-07-30",217,533,12,"nbGARCH","all_interp","0.17.1",TRUE,NA
1064,43,"2020-07-30",217,533,12,"nbGARCH","controls_interp","0.17.1",TRUE,NA
1065,43,"2020-07-30",217,533,12,"nbGARCH","exclosures_interp","0.17.1",TRUE,NA
1066,43,"2020-07-30",217,533,12,"nbsGARCH","all_interp","0.17.1",TRUE,NA
1067,43,"2020-07-30",217,533,12,"nbsGARCH","controls_interp","0.17.1",TRUE,NA
1068,43,"2020-07-30",217,533,12,"nbsGARCH","exclosures_interp","0.17.1",TRUE,NA
1069,43,"2020-07-30",217,533,12,"pevGARCH","all_interp","0.17.1",TRUE,NA
1070,43,"2020-07-30",217,533,12,"pevGARCH","controls_interp","0.17.1",TRUE,NA
1071,43,"2020-07-30",217,533,12,"pevGARCH","exclosures_interp","0.17.1",TRUE,NA
1072,43,"2020-07-30",217,533,12,"simplexEDM","all_interp","0.17.1",TRUE,NA
1073,43,"2020-07-30",217,533,12,"simplexEDM","controls_interp","0.17.1",TRUE,NA
1074,43,"2020-07-30",217,533,12,"simplexEDM","exclosures_interp","0.17.1",TRUE,NA
