date,forecastmonth,forecastyear,NewMoonNumber,currency,model,level,species,estimate,LowerPI,UpperPI
2017-01-06,1,2017,490,abundance,Forecast,Controls,total,24.67735806,10.56644594,38.78827018
2017-01-06,2,2017,491,abundance,Forecast,Controls,total,26.23227646,7.981637673,44.48291525
2017-01-06,3,2017,492,abundance,Forecast,Controls,total,27.78719487,5.66837291,49.90601683
2017-01-06,4,2017,493,abundance,Forecast,Controls,total,29.34211328,3.463637853,55.2205887
2017-01-06,5,2017,494,abundance,Forecast,Controls,total,30.89703168,1.288223279,60.50584008
2017-01-06,6,2017,495,abundance,Forecast,Controls,total,32.45195009,-0.903291383,65.80719156
2017-01-06,7,2017,496,abundance,Forecast,Controls,total,34.00686849,-3.139905718,71.15364271
2017-01-06,8,2017,497,abundance,Forecast,Controls,total,35.5617869,-5.441648818,76.56522262
2017-01-06,9,2017,498,abundance,Forecast,Controls,total,37.11670531,-7.82324085,82.05665146
2017-01-06,10,2017,499,abundance,Forecast,Controls,total,38.67162371,-10.29607398,87.6393214
2017-01-06,11,2017,500,abundance,Forecast,Controls,total,40.22654212,-12.86936407,93.3224483
2017-01-06,12,2017,501,abundance,Forecast,Controls,total,41.78146052,-15.55085908,99.11378013
2017-01-06,1,2017,490,abundance,AutoArima,Controls,total,21.05716217,10.91115361,40.63769006
2017-01-06,2,2017,491,abundance,AutoArima,Controls,total,22.09829752,10.0356534,48.65998594
2017-01-06,3,2017,492,abundance,AutoArima,Controls,total,23.87973524,9.860326521,57.83193428
2017-01-06,4,2017,493,abundance,AutoArima,Controls,total,25.34378335,9.833781963,65.31641205
2017-01-06,5,2017,494,abundance,AutoArima,Controls,total,26.70642307,9.921285373,71.88917631
2017-01-06,6,2017,495,abundance,AutoArima,Controls,total,27.92581487,10.05994029,77.52045375
2017-01-06,7,2017,496,abundance,AutoArima,Controls,total,29.01713657,10.22508673,82.34592397
2017-01-06,8,2017,497,abundance,AutoArima,Controls,total,29.98654899,10.39979211,86.46260533
2017-01-06,9,2017,498,abundance,AutoArima,Controls,total,30.84362278,10.57413967,89.96751464
2017-01-06,10,2017,499,abundance,AutoArima,Controls,total,31.59802894,10.74196847,92.94715725
2017-01-06,11,2017,500,abundance,AutoArima,Controls,total,32.25960731,10.89966061,95.47840991
2017-01-06,12,2017,501,abundance,AutoArima,Controls,total,32.83792614,11.04526168,97.62823407
2017-01-06,1,2017,490,abundance,NegBinom Time Series,Controls,BA,0.09315781,0,0
2017-01-06,2,2017,491,abundance,NegBinom Time Series,Controls,BA,0.143713521,0,0
2017-01-06,3,2017,492,abundance,NegBinom Time Series,Controls,BA,0.235055632,0,1
2017-01-06,4,2017,493,abundance,NegBinom Time Series,Controls,BA,0.365331071,0,1
2017-01-06,5,2017,494,abundance,NegBinom Time Series,Controls,BA,0.367131087,0,1
2017-01-06,6,2017,495,abundance,NegBinom Time Series,Controls,BA,0.396227212,0,1
2017-01-06,7,2017,496,abundance,NegBinom Time Series,Controls,BA,0.390126044,0,0
2017-01-06,8,2017,497,abundance,NegBinom Time Series,Controls,BA,0.385208172,0,1
2017-01-06,9,2017,498,abundance,NegBinom Time Series,Controls,BA,0.383949678,0,1
2017-01-06,10,2017,499,abundance,NegBinom Time Series,Controls,BA,0.378472235,0,0
2017-01-06,11,2017,500,abundance,NegBinom Time Series,Controls,BA,0.375871597,0,1
2017-01-06,12,2017,501,abundance,NegBinom Time Series,Controls,BA,0.371106555,0,1
2017-01-06,1,2017,490,abundance,NegBinom Time Series,Controls,DM,10.12971149,4,18
2017-01-06,2,2017,491,abundance,NegBinom Time Series,Controls,DM,9.520676534,3,20
2017-01-06,3,2017,492,abundance,NegBinom Time Series,Controls,DM,9.897668014,3,21
2017-01-06,4,2017,493,abundance,NegBinom Time Series,Controls,DM,10.15482367,3,22
2017-01-06,5,2017,494,abundance,NegBinom Time Series,Controls,DM,10.01316465,2,22
2017-01-06,6,2017,495,abundance,NegBinom Time Series,Controls,DM,10.07106742,2,22
2017-01-06,7,2017,496,abundance,NegBinom Time Series,Controls,DM,9.952551557,2,22
2017-01-06,8,2017,497,abundance,NegBinom Time Series,Controls,DM,9.536075235,2,21
2017-01-06,9,2017,498,abundance,NegBinom Time Series,Controls,DM,9.247955074,2,20
2017-01-06,10,2017,499,abundance,NegBinom Time Series,Controls,DM,9.009341074,2,20
2017-01-06,11,2017,500,abundance,NegBinom Time Series,Controls,DM,8.97611416,2,20
2017-01-06,12,2017,501,abundance,NegBinom Time Series,Controls,DM,9.5117402,2,20
2017-01-06,1,2017,490,abundance,NegBinom Time Series,Controls,DO,0.880530518,0,3
2017-01-06,2,2017,491,abundance,NegBinom Time Series,Controls,DO,1.53279508,0,4
2017-01-06,3,2017,492,abundance,NegBinom Time Series,Controls,DO,2.031807965,0,6
2017-01-06,4,2017,493,abundance,NegBinom Time Series,Controls,DO,2.416516842,0,7
2017-01-06,5,2017,494,abundance,NegBinom Time Series,Controls,DO,2.686858382,0,8
2017-01-06,6,2017,495,abundance,NegBinom Time Series,Controls,DO,2.900368232,0,9
2017-01-06,7,2017,496,abundance,NegBinom Time Series,Controls,DO,3.036874054,0,9
2017-01-06,8,2017,497,abundance,NegBinom Time Series,Controls,DO,3.138619993,0,10
2017-01-06,9,2017,498,abundance,NegBinom Time Series,Controls,DO,3.208847458,0,9
2017-01-06,10,2017,499,abundance,NegBinom Time Series,Controls,DO,3.25569904,0,10
2017-01-06,11,2017,500,abundance,NegBinom Time Series,Controls,DO,3.290666476,0,9
2017-01-06,12,2017,501,abundance,NegBinom Time Series,Controls,DO,3.311034973,0,10
2017-01-06,1,2017,490,abundance,NegBinom Time Series,Controls,DS,0.003937298,0,0
2017-01-06,2,2017,491,abundance,NegBinom Time Series,Controls,DS,0.003937298,0,0
2017-01-06,3,2017,492,abundance,NegBinom Time Series,Controls,DS,0.003937298,0,0
2017-01-06,4,2017,493,abundance,NegBinom Time Series,Controls,DS,0.003937298,0,0
2017-01-06,5,2017,494,abundance,NegBinom Time Series,Controls,DS,0.003937298,0,0
2017-01-06,6,2017,495,abundance,NegBinom Time Series,Controls,DS,0.003937298,0,0
2017-01-06,7,2017,496,abundance,NegBinom Time Series,Controls,DS,0.003937298,0,0
2017-01-06,8,2017,497,abundance,NegBinom Time Series,Controls,DS,0.003937298,0,0
2017-01-06,9,2017,498,abundance,NegBinom Time Series,Controls,DS,0.003937298,0,0
2017-01-06,10,2017,499,abundance,NegBinom Time Series,Controls,DS,0.003937298,0,0
2017-01-06,11,2017,500,abundance,NegBinom Time Series,Controls,DS,0.003937298,0,0
2017-01-06,12,2017,501,abundance,NegBinom Time Series,Controls,DS,0.003937298,0,0
2017-01-06,1,2017,490,abundance,NegBinom Time Series,Controls,NA,0.226323495,0,1
2017-01-06,2,2017,491,abundance,NegBinom Time Series,Controls,NA,0.302452655,0,1
2017-01-06,3,2017,492,abundance,NegBinom Time Series,Controls,NA,0.32806046,0,2
2017-01-06,4,2017,493,abundance,NegBinom Time Series,Controls,NA,0.336674127,0,2
2017-01-06,5,2017,494,abundance,NegBinom Time Series,Controls,NA,0.339572392,0,1
2017-01-06,6,2017,495,abundance,NegBinom Time Series,Controls,NA,0.379843153,0,2
2017-01-06,7,2017,496,abundance,NegBinom Time Series,Controls,NA,0.354092439,0,2
2017-01-06,8,2017,497,abundance,NegBinom Time Series,Controls,NA,0.345430685,0,2
2017-01-06,9,2017,498,abundance,NegBinom Time Series,Controls,NA,0.342517115,0,2
2017-01-06,10,2017,499,abundance,NegBinom Time Series,Controls,NA,0.341537058,0,2
2017-01-06,11,2017,500,abundance,NegBinom Time Series,Controls,NA,0.345798113,0,2
2017-01-06,12,2017,501,abundance,NegBinom Time Series,Controls,NA,0.342640596,0,2
2017-01-06,1,2017,490,abundance,NegBinom Time Series,Controls,OL,2.051854568,0,6
2017-01-06,2,2017,491,abundance,NegBinom Time Series,Controls,OL,1.517191154,0,6
2017-01-06,3,2017,492,abundance,NegBinom Time Series,Controls,OL,1.34897261,0,5
2017-01-06,4,2017,493,abundance,NegBinom Time Series,Controls,OL,1.071623739,0,4
2017-01-06,5,2017,494,abundance,NegBinom Time Series,Controls,OL,0.943070816,0,4
2017-01-06,6,2017,495,abundance,NegBinom Time Series,Controls,OL,1.004881092,0,4
2017-01-06,7,2017,496,abundance,NegBinom Time Series,Controls,OL,1.082916897,0,4
2017-01-06,8,2017,497,abundance,NegBinom Time Series,Controls,OL,0.825643478,0,3
2017-01-06,9,2017,498,abundance,NegBinom Time Series,Controls,OL,0.769917917,0,3
2017-01-06,10,2017,499,abundance,NegBinom Time Series,Controls,OL,0.809032949,0,3
2017-01-06,11,2017,500,abundance,NegBinom Time Series,Controls,OL,1.087324748,0,5
2017-01-06,12,2017,501,abundance,NegBinom Time Series,Controls,OL,1.048342692,0,4
2017-01-06,1,2017,490,abundance,NegBinom Time Series,Controls,OT,0.885428986,0,3
2017-01-06,2,2017,491,abundance,NegBinom Time Series,Controls,OT,1.4317939,0,5
2017-01-06,3,2017,492,abundance,NegBinom Time Series,Controls,OT,1.817830114,0,7
2017-01-06,4,2017,493,abundance,NegBinom Time Series,Controls,OT,2.097196859,0,7
2017-01-06,5,2017,494,abundance,NegBinom Time Series,Controls,OT,2.28842077,0,8
2017-01-06,6,2017,495,abundance,NegBinom Time Series,Controls,OT,2.429469507,0,7
2017-01-06,7,2017,496,abundance,NegBinom Time Series,Controls,OT,2.523201543,0,8
2017-01-06,8,2017,497,abundance,NegBinom Time Series,Controls,OT,2.589288497,0,8
2017-01-06,9,2017,498,abundance,NegBinom Time Series,Controls,OT,2.642161515,0,9
2017-01-06,10,2017,499,abundance,NegBinom Time Series,Controls,OT,2.679792938,0,9
2017-01-06,11,2017,500,abundance,NegBinom Time Series,Controls,OT,2.730630729,0,10
2017-01-06,12,2017,501,abundance,NegBinom Time Series,Controls,OT,2.754651147,0,10
2017-01-06,1,2017,490,abundance,NegBinom Time Series,Controls,PB,0.719528056,0,3
2017-01-06,2,2017,491,abundance,NegBinom Time Series,Controls,PB,0.863277786,0,4
2017-01-06,3,2017,492,abundance,NegBinom Time Series,Controls,PB,1.203625865,0,5
2017-01-06,4,2017,493,abundance,NegBinom Time Series,Controls,PB,1.416935826,0,5
2017-01-06,5,2017,494,abundance,NegBinom Time Series,Controls,PB,1.458878029,0,6
2017-01-06,6,2017,495,abundance,NegBinom Time Series,Controls,PB,1.797024611,0,7
2017-01-06,7,2017,496,abundance,NegBinom Time Series,Controls,PB,2.249685127,0,8
2017-01-06,8,2017,497,abundance,NegBinom Time Series,Controls,PB,2.512332461,0,8
2017-01-06,9,2017,498,abundance,NegBinom Time Series,Controls,PB,2.791465052,0,10
2017-01-06,10,2017,499,abundance,NegBinom Time Series,Controls,PB,3.053244176,0,11
2017-01-06,11,2017,500,abundance,NegBinom Time Series,Controls,PB,3.262494819,0,12
2017-01-06,12,2017,501,abundance,NegBinom Time Series,Controls,PB,3.362548739,0,12
2017-01-06,1,2017,490,abundance,NegBinom Time Series,Controls,PE,2.797728529,0,8
2017-01-06,2,2017,491,abundance,NegBinom Time Series,Controls,PE,2.720513685,0,9
2017-01-06,3,2017,492,abundance,NegBinom Time Series,Controls,PE,3.202733358,0,10
2017-01-06,4,2017,493,abundance,NegBinom Time Series,Controls,PE,3.14540212,0,11
2017-01-06,5,2017,494,abundance,NegBinom Time Series,Controls,PE,2.96345724,0,11
2017-01-06,6,2017,495,abundance,NegBinom Time Series,Controls,PE,2.908003508,0,10
2017-01-06,7,2017,496,abundance,NegBinom Time Series,Controls,PE,2.793704342,0,10
2017-01-06,8,2017,497,abundance,NegBinom Time Series,Controls,PE,2.662277453,0,10
2017-01-06,9,2017,498,abundance,NegBinom Time Series,Controls,PE,2.626435512,0,9
2017-01-06,10,2017,499,abundance,NegBinom Time Series,Controls,PE,2.679828709,0,9
2017-01-06,11,2017,500,abundance,NegBinom Time Series,Controls,PE,2.675780456,0,9
2017-01-06,12,2017,501,abundance,NegBinom Time Series,Controls,PE,2.720904208,0,9
2017-01-06,1,2017,490,abundance,NegBinom Time Series,Controls,PF,0.311811621,0,2
2017-01-06,2,2017,491,abundance,NegBinom Time Series,Controls,PF,0.537486135,0,3
2017-01-06,3,2017,492,abundance,NegBinom Time Series,Controls,PF,0.71146483,0,4
2017-01-06,4,2017,493,abundance,NegBinom Time Series,Controls,PF,0.845650995,0,4
2017-01-06,5,2017,494,abundance,NegBinom Time Series,Controls,PF,0.948949903,0,4
2017-01-06,6,2017,495,abundance,NegBinom Time Series,Controls,PF,1.029522381,0,4
2017-01-06,7,2017,496,abundance,NegBinom Time Series,Controls,PF,1.090473789,0,4
2017-01-06,8,2017,497,abundance,NegBinom Time Series,Controls,PF,1.138459589,0,5
2017-01-06,9,2017,498,abundance,NegBinom Time Series,Controls,PF,1.175129099,0,4
2017-01-06,10,2017,499,abundance,NegBinom Time Series,Controls,PF,1.203355224,0,4
2017-01-06,11,2017,500,abundance,NegBinom Time Series,Controls,PF,1.224018521,0,5
2017-01-06,12,2017,501,abundance,NegBinom Time Series,Controls,PF,1.240725265,0,5
2017-01-06,1,2017,490,abundance,NegBinom Time Series,Controls,PH,0.011810841,0,0
2017-01-06,2,2017,491,abundance,NegBinom Time Series,Controls,PH,0.011810841,0,0
2017-01-06,3,2017,492,abundance,NegBinom Time Series,Controls,PH,0.011810841,0,0
2017-01-06,4,2017,493,abundance,NegBinom Time Series,Controls,PH,0.011810841,0,0
2017-01-06,5,2017,494,abundance,NegBinom Time Series,Controls,PH,0.011810841,0,0
2017-01-06,6,2017,495,abundance,NegBinom Time Series,Controls,PH,0.011810841,0,0
2017-01-06,7,2017,496,abundance,NegBinom Time Series,Controls,PH,0.011810841,0,0
2017-01-06,8,2017,497,abundance,NegBinom Time Series,Controls,PH,0.011810841,0,0
2017-01-06,9,2017,498,abundance,NegBinom Time Series,Controls,PH,0.011810841,0,0
2017-01-06,10,2017,499,abundance,NegBinom Time Series,Controls,PH,0.011810841,0,0
2017-01-06,11,2017,500,abundance,NegBinom Time Series,Controls,PH,0.011810841,0,0
2017-01-06,12,2017,501,abundance,NegBinom Time Series,Controls,PH,0.011810841,0,0
2017-01-06,1,2017,490,abundance,NegBinom Time Series,Controls,PI,0.012915333,0,0
2017-01-06,2,2017,491,abundance,NegBinom Time Series,Controls,PI,0.022082277,0,0
2017-01-06,3,2017,492,abundance,NegBinom Time Series,Controls,PI,0.028588718,0,0
2017-01-06,4,2017,493,abundance,NegBinom Time Series,Controls,PI,0.033206808,0,0
2017-01-06,5,2017,494,abundance,NegBinom Time Series,Controls,PI,0.0364846,0,0
2017-01-06,6,2017,495,abundance,NegBinom Time Series,Controls,PI,0.038811085,0,0
2017-01-06,7,2017,496,abundance,NegBinom Time Series,Controls,PI,0.04046236,0,0
2017-01-06,8,2017,497,abundance,NegBinom Time Series,Controls,PI,0.041634388,0,0
2017-01-06,9,2017,498,abundance,NegBinom Time Series,Controls,PI,0.042466262,0,0
2017-01-06,10,2017,499,abundance,NegBinom Time Series,Controls,PI,0.043056702,0,0
2017-01-06,11,2017,500,abundance,NegBinom Time Series,Controls,PI,0.04347578,0,0
2017-01-06,12,2017,501,abundance,NegBinom Time Series,Controls,PI,0.04377323,0,0
2017-01-06,1,2017,490,abundance,NegBinom Time Series,Controls,PL,0.13465507,0,1
2017-01-06,2,2017,491,abundance,NegBinom Time Series,Controls,PL,0.221042838,0,1
2017-01-06,3,2017,492,abundance,NegBinom Time Series,Controls,PL,0.232954774,0,1
2017-01-06,4,2017,493,abundance,NegBinom Time Series,Controls,PL,0.240596864,0,1
2017-01-06,5,2017,494,abundance,NegBinom Time Series,Controls,PL,0.245499631,0,1
2017-01-06,6,2017,495,abundance,NegBinom Time Series,Controls,PL,0.248644995,0,1
2017-01-06,7,2017,496,abundance,NegBinom Time Series,Controls,PL,0.250662899,0,1
2017-01-06,8,2017,497,abundance,NegBinom Time Series,Controls,PL,0.251957482,0,1
2017-01-06,9,2017,498,abundance,NegBinom Time Series,Controls,PL,0.252788019,0,1
2017-01-06,10,2017,499,abundance,NegBinom Time Series,Controls,PL,0.25332085,0,1
2017-01-06,11,2017,500,abundance,NegBinom Time Series,Controls,PL,0.25956441,0,1
2017-01-06,12,2017,501,abundance,NegBinom Time Series,Controls,PL,0.301178246,0,1
2017-01-06,1,2017,490,abundance,NegBinom Time Series,Controls,PM,0.281705906,0,2
2017-01-06,2,2017,491,abundance,NegBinom Time Series,Controls,PM,0.41855417,0,2
2017-01-06,3,2017,492,abundance,NegBinom Time Series,Controls,PM,0.748360943,0,3
2017-01-06,4,2017,493,abundance,NegBinom Time Series,Controls,PM,0.869046644,0,3
2017-01-06,5,2017,494,abundance,NegBinom Time Series,Controls,PM,0.864504673,0,3
2017-01-06,6,2017,495,abundance,NegBinom Time Series,Controls,PM,1.07654463,0,3
2017-01-06,7,2017,496,abundance,NegBinom Time Series,Controls,PM,1.096307555,0,3
2017-01-06,8,2017,497,abundance,NegBinom Time Series,Controls,PM,1.066061836,0,2
2017-01-06,9,2017,498,abundance,NegBinom Time Series,Controls,PM,1.040142125,0,2
2017-01-06,10,2017,499,abundance,NegBinom Time Series,Controls,PM,1.024730775,0,2
2017-01-06,11,2017,500,abundance,NegBinom Time Series,Controls,PM,0.997921497,0,2
2017-01-06,12,2017,501,abundance,NegBinom Time Series,Controls,PM,0.985148362,0,2
2017-01-06,1,2017,490,abundance,NegBinom Time Series,Controls,PP,2.217606084,0,7
2017-01-06,2,2017,491,abundance,NegBinom Time Series,Controls,PP,4.036175906,0,12
2017-01-06,3,2017,492,abundance,NegBinom Time Series,Controls,PP,5.527529878,0,18
2017-01-06,4,2017,493,abundance,NegBinom Time Series,Controls,PP,6.750565866,0,22
2017-01-06,5,2017,494,abundance,NegBinom Time Series,Controls,PP,7.753549145,0,26
2017-01-06,6,2017,495,abundance,NegBinom Time Series,Controls,PP,8.576124659,0,29
2017-01-06,7,2017,496,abundance,NegBinom Time Series,Controls,PP,9.250672954,0,34
2017-01-06,8,2017,497,abundance,NegBinom Time Series,Controls,PP,9.803853944,0,31
2017-01-06,9,2017,498,abundance,NegBinom Time Series,Controls,PP,10.25752426,0,32
2017-01-06,10,2017,499,abundance,NegBinom Time Series,Controls,PP,10.62954395,0,32
2017-01-06,11,2017,500,abundance,NegBinom Time Series,Controls,PP,10.93459787,0,34
2017-01-06,12,2017,501,abundance,NegBinom Time Series,Controls,PP,11.1847351,0,35
2017-01-06,1,2017,490,abundance,NegBinom Time Series,Controls,RF,0.003937012,0,0
2017-01-06,2,2017,491,abundance,NegBinom Time Series,Controls,RF,0.003937012,0,0
2017-01-06,3,2017,492,abundance,NegBinom Time Series,Controls,RF,0.003937012,0,0
2017-01-06,4,2017,493,abundance,NegBinom Time Series,Controls,RF,0.003937012,0,0
2017-01-06,5,2017,494,abundance,NegBinom Time Series,Controls,RF,0.003937012,0,0
2017-01-06,6,2017,495,abundance,NegBinom Time Series,Controls,RF,0.003937012,0,0
2017-01-06,7,2017,496,abundance,NegBinom Time Series,Controls,RF,0.003937012,0,0
2017-01-06,8,2017,497,abundance,NegBinom Time Series,Controls,RF,0.003937012,0,0
2017-01-06,9,2017,498,abundance,NegBinom Time Series,Controls,RF,0.003937012,0,0
2017-01-06,10,2017,499,abundance,NegBinom Time Series,Controls,RF,0.003937012,0,0
2017-01-06,11,2017,500,abundance,NegBinom Time Series,Controls,RF,0.003937012,0,0
2017-01-06,12,2017,501,abundance,NegBinom Time Series,Controls,RF,0.003937012,0,0
2017-01-06,1,2017,490,abundance,NegBinom Time Series,Controls,RM,2.100643597,0,10
2017-01-06,2,2017,491,abundance,NegBinom Time Series,Controls,RM,2.179326423,0,12
2017-01-06,3,2017,492,abundance,NegBinom Time Series,Controls,RM,2.240840394,0,10
2017-01-06,4,2017,493,abundance,NegBinom Time Series,Controls,RM,2.28893181,0,9
2017-01-06,5,2017,494,abundance,NegBinom Time Series,Controls,RM,2.326529517,0,10
2017-01-06,6,2017,495,abundance,NegBinom Time Series,Controls,RM,2.355923279,0,8
2017-01-06,7,2017,496,abundance,NegBinom Time Series,Controls,RM,2.378903224,0,7
2017-01-06,8,2017,497,abundance,NegBinom Time Series,Controls,RM,2.396868868,0,8
2017-01-06,9,2017,498,abundance,NegBinom Time Series,Controls,RM,2.410914348,0,9
2017-01-06,10,2017,499,abundance,NegBinom Time Series,Controls,RM,2.421895057,0,9
2017-01-06,11,2017,500,abundance,NegBinom Time Series,Controls,RM,2.430479739,0,8
2017-01-06,12,2017,501,abundance,NegBinom Time Series,Controls,RM,2.437191214,0,10
2017-01-06,1,2017,490,abundance,NegBinom Time Series,Controls,RO,0.05841789,0,0
2017-01-06,2,2017,491,abundance,NegBinom Time Series,Controls,RO,0.083100409,0,1
2017-01-06,3,2017,492,abundance,NegBinom Time Series,Controls,RO,0.093529179,0,0
2017-01-06,4,2017,493,abundance,NegBinom Time Series,Controls,RO,0.097935506,0,1
2017-01-06,5,2017,494,abundance,NegBinom Time Series,Controls,RO,0.099797251,0,1
2017-01-06,6,2017,495,abundance,NegBinom Time Series,Controls,RO,0.100583869,0,0
2017-01-06,7,2017,496,abundance,NegBinom Time Series,Controls,RO,0.100916228,0,0
2017-01-06,8,2017,497,abundance,NegBinom Time Series,Controls,RO,0.101056655,0,1
2017-01-06,9,2017,498,abundance,NegBinom Time Series,Controls,RO,0.101115988,0,0
2017-01-06,10,2017,499,abundance,NegBinom Time Series,Controls,RO,0.101141057,0,1
2017-01-06,11,2017,500,abundance,NegBinom Time Series,Controls,RO,0.101151649,0,1
2017-01-06,12,2017,501,abundance,NegBinom Time Series,Controls,RO,0.101156125,0,0
2017-01-06,1,2017,490,abundance,NegBinom Time Series,Controls,SF,0.08603256,0,1
2017-01-06,2,2017,491,abundance,NegBinom Time Series,Controls,SF,0.180597688,0,1
2017-01-06,3,2017,492,abundance,NegBinom Time Series,Controls,SF,0.226103179,0,1
2017-01-06,4,2017,493,abundance,NegBinom Time Series,Controls,SF,0.292746525,0,1
2017-01-06,5,2017,494,abundance,NegBinom Time Series,Controls,SF,0.314313077,0,1
2017-01-06,6,2017,495,abundance,NegBinom Time Series,Controls,SF,0.334241979,0,1
2017-01-06,7,2017,496,abundance,NegBinom Time Series,Controls,SF,0.349916921,0,1
2017-01-06,8,2017,497,abundance,NegBinom Time Series,Controls,SF,0.368177699,0,1
2017-01-06,9,2017,498,abundance,NegBinom Time Series,Controls,SF,0.382540588,0,1
2017-01-06,10,2017,499,abundance,NegBinom Time Series,Controls,SF,0.38493998,0,1
2017-01-06,11,2017,500,abundance,NegBinom Time Series,Controls,SF,0.386827206,0,1
2017-01-06,12,2017,501,abundance,NegBinom Time Series,Controls,SF,0.390288843,0,1
2017-01-06,1,2017,490,abundance,NegBinom Time Series,Controls,SH,0.845358471,0,6
2017-01-06,2,2017,491,abundance,NegBinom Time Series,Controls,SH,0.7096776,0,2
2017-01-06,3,2017,492,abundance,NegBinom Time Series,Controls,SH,0.616527306,0,1
2017-01-06,4,2017,493,abundance,NegBinom Time Series,Controls,SH,0.54055215,0,1
2017-01-06,5,2017,494,abundance,NegBinom Time Series,Controls,SH,0.484468898,0,1
2017-01-06,6,2017,495,abundance,NegBinom Time Series,Controls,SH,0.442949896,0,1
2017-01-06,7,2017,496,abundance,NegBinom Time Series,Controls,SH,0.412332635,0,1
2017-01-06,8,2017,497,abundance,NegBinom Time Series,Controls,SH,0.389841447,0,1
2017-01-06,9,2017,498,abundance,NegBinom Time Series,Controls,SH,0.373012261,0,1
2017-01-06,10,2017,499,abundance,NegBinom Time Series,Controls,SH,0.36057408,0,1
2017-01-06,11,2017,500,abundance,NegBinom Time Series,Controls,SH,0.351381219,0,1
2017-01-06,12,2017,501,abundance,NegBinom Time Series,Controls,SH,0.351716186,0,1
2017-01-06,1,2017,490,abundance,NegBinom Time Series,Controls,total,20.99631409,8,37
2017-01-06,2,2017,491,abundance,NegBinom Time Series,Controls,total,25.08082874,9,50
2017-01-06,3,2017,492,abundance,NegBinom Time Series,Controls,total,28.41994255,9,58
2017-01-06,4,2017,493,abundance,NegBinom Time Series,Controls,total,31.14968684,10,66
2017-01-06,5,2017,494,abundance,NegBinom Time Series,Controls,total,33.38126804,10,74
2017-01-06,6,2017,495,abundance,NegBinom Time Series,Controls,total,35.20559832,10,79
2017-01-06,7,2017,496,abundance,NegBinom Time Series,Controls,total,36.69699851,10,81
2017-01-06,8,2017,497,abundance,NegBinom Time Series,Controls,total,37.91622652,11,83
2017-01-06,9,2017,498,abundance,NegBinom Time Series,Controls,total,38.9129523,12,85
2017-01-06,10,2017,499,abundance,NegBinom Time Series,Controls,total,39.7277812,12,86
2017-01-06,11,2017,500,abundance,NegBinom Time Series,Controls,total,40.3939084,12,92
2017-01-06,12,2017,501,abundance,NegBinom Time Series,Controls,total,40.93847112,11,94
2017-01-06,1,2017,490,abundance,Poisson Env,Controls,BA,0.645688387,0,2
2017-01-06,2,2017,491,abundance,Poisson Env,Controls,BA,1.125660613,0,3
2017-01-06,3,2017,492,abundance,Poisson Env,Controls,BA,1.298830679,0,4
2017-01-06,4,2017,493,abundance,Poisson Env,Controls,BA,1.353568407,0,4
2017-01-06,5,2017,494,abundance,Poisson Env,Controls,BA,1.595864732,0,4
2017-01-06,6,2017,495,abundance,Poisson Env,Controls,BA,1.666631475,0,4
2017-01-06,7,2017,496,abundance,Poisson Env,Controls,BA,1.826348839,0,5
2017-01-06,8,2017,497,abundance,Poisson Env,Controls,BA,1.934891506,0,5
2017-01-06,9,2017,498,abundance,Poisson Env,Controls,BA,2.033029924,0,6
2017-01-06,10,2017,499,abundance,Poisson Env,Controls,BA,2.125022315,0,6
2017-01-06,11,2017,500,abundance,Poisson Env,Controls,BA,2.177817664,0,6
2017-01-06,12,2017,501,abundance,Poisson Env,Controls,BA,2.216961344,0,6
2017-01-06,1,2017,490,abundance,Poisson Env,Controls,DM,10.87525793,6,17
2017-01-06,2,2017,491,abundance,Poisson Env,Controls,DM,10.80783762,5,18
2017-01-06,3,2017,492,abundance,Poisson Env,Controls,DM,11.6514828,4,20
2017-01-06,4,2017,493,abundance,Poisson Env,Controls,DM,12.31939805,5,21
2017-01-06,5,2017,494,abundance,Poisson Env,Controls,DM,12.53573465,5,21
2017-01-06,6,2017,495,abundance,Poisson Env,Controls,DM,12.82519767,5,21
2017-01-06,7,2017,496,abundance,Poisson Env,Controls,DM,12.90204563,5,22
2017-01-06,8,2017,497,abundance,Poisson Env,Controls,DM,12.55035118,5,21
2017-01-06,9,2017,498,abundance,Poisson Env,Controls,DM,12.31361041,4,21
2017-01-06,10,2017,499,abundance,Poisson Env,Controls,DM,12.09987536,4,20
2017-01-06,11,2017,500,abundance,Poisson Env,Controls,DM,12.09060336,4,21
2017-01-06,12,2017,501,abundance,Poisson Env,Controls,DM,12.62628363,4,21
2017-01-06,1,2017,490,abundance,Poisson Env,Controls,DO,0.822270098,0,2
2017-01-06,2,2017,491,abundance,Poisson Env,Controls,DO,1.462460394,0,4
2017-01-06,3,2017,492,abundance,Poisson Env,Controls,DO,1.958415627,0,5
2017-01-06,4,2017,493,abundance,Poisson Env,Controls,DO,2.340660465,0,7
2017-01-06,5,2017,494,abundance,Poisson Env,Controls,DO,2.623098843,0,7
2017-01-06,6,2017,495,abundance,Poisson Env,Controls,DO,2.842070982,0,7
2017-01-06,7,2017,496,abundance,Poisson Env,Controls,DO,2.992034858,0,7
2017-01-06,8,2017,497,abundance,Poisson Env,Controls,DO,3.10414619,0,8
2017-01-06,9,2017,498,abundance,Poisson Env,Controls,DO,3.181118105,0,8
2017-01-06,10,2017,499,abundance,Poisson Env,Controls,DO,3.228992896,0,8
2017-01-06,11,2017,500,abundance,Poisson Env,Controls,DO,3.264950567,0,8
2017-01-06,12,2017,501,abundance,Poisson Env,Controls,DO,3.275095605,0,8
2017-01-06,1,2017,490,abundance,Poisson Env,Controls,DS,0.004184121,0,0
2017-01-06,2,2017,491,abundance,Poisson Env,Controls,DS,0.004137746,0,0
2017-01-06,3,2017,492,abundance,Poisson Env,Controls,DS,0.004134145,0,0
2017-01-06,4,2017,493,abundance,Poisson Env,Controls,DS,0.004055887,0,0
2017-01-06,5,2017,494,abundance,Poisson Env,Controls,DS,0.004072344,0,0
2017-01-06,6,2017,495,abundance,Poisson Env,Controls,DS,0.004069812,0,0
2017-01-06,7,2017,496,abundance,Poisson Env,Controls,DS,0.004064461,0,0
2017-01-06,8,2017,497,abundance,Poisson Env,Controls,DS,0.0040469,0,0
2017-01-06,9,2017,498,abundance,Poisson Env,Controls,DS,0.004043057,0,0
2017-01-06,10,2017,499,abundance,Poisson Env,Controls,DS,0.00404964,0,0
2017-01-06,11,2017,500,abundance,Poisson Env,Controls,DS,0.004169079,0,0
2017-01-06,12,2017,501,abundance,Poisson Env,Controls,DS,0.004041203,0,0
2017-01-06,1,2017,490,abundance,Poisson Env,Controls,NA,0.226463797,0,1
2017-01-06,2,2017,491,abundance,Poisson Env,Controls,NA,0.275280639,0,1
2017-01-06,3,2017,492,abundance,Poisson Env,Controls,NA,0.285489862,0,1
2017-01-06,4,2017,493,abundance,Poisson Env,Controls,NA,0.287161084,0,1
2017-01-06,5,2017,494,abundance,Poisson Env,Controls,NA,0.287478941,0,1
2017-01-06,6,2017,495,abundance,Poisson Env,Controls,NA,0.291313992,0,1
2017-01-06,7,2017,496,abundance,Poisson Env,Controls,NA,0.288748585,0,1
2017-01-06,8,2017,497,abundance,Poisson Env,Controls,NA,0.288163807,0,1
2017-01-06,9,2017,498,abundance,Poisson Env,Controls,NA,0.287824335,0,1
2017-01-06,10,2017,499,abundance,Poisson Env,Controls,NA,0.287770259,0,1
2017-01-06,11,2017,500,abundance,Poisson Env,Controls,NA,0.288681782,0,1
2017-01-06,12,2017,501,abundance,Poisson Env,Controls,NA,0.288981704,0,1
2017-01-06,1,2017,490,abundance,Poisson Env,Controls,OL,1.603966531,0,4
2017-01-06,2,2017,491,abundance,Poisson Env,Controls,OL,2.136567012,0,5
2017-01-06,3,2017,492,abundance,Poisson Env,Controls,OL,2.573083183,0,7
2017-01-06,4,2017,493,abundance,Poisson Env,Controls,OL,2.939885277,0,7
2017-01-06,5,2017,494,abundance,Poisson Env,Controls,OL,3.244205168,0,8
2017-01-06,6,2017,495,abundance,Poisson Env,Controls,OL,3.505435204,0,9
2017-01-06,7,2017,496,abundance,Poisson Env,Controls,OL,3.746452475,0,9
2017-01-06,8,2017,497,abundance,Poisson Env,Controls,OL,4.025185423,0,11
2017-01-06,9,2017,498,abundance,Poisson Env,Controls,OL,4.232972727,0,11
2017-01-06,10,2017,499,abundance,Poisson Env,Controls,OL,4.393085623,0,11
2017-01-06,11,2017,500,abundance,Poisson Env,Controls,OL,4.402598297,0,11
2017-01-06,12,2017,501,abundance,Poisson Env,Controls,OL,4.494155801,0,11
2017-01-06,1,2017,490,abundance,Poisson Env,Controls,OT,1.04387962,0,3
2017-01-06,2,2017,491,abundance,Poisson Env,Controls,OT,2.464967577,0,6
2017-01-06,3,2017,492,abundance,Poisson Env,Controls,OT,3.838907543,1,9
2017-01-06,4,2017,493,abundance,Poisson Env,Controls,OT,4.858101233,1,11
2017-01-06,5,2017,494,abundance,Poisson Env,Controls,OT,6.079809673,1,12
2017-01-06,6,2017,495,abundance,Poisson Env,Controls,OT,6.761923352,1,14
2017-01-06,7,2017,496,abundance,Poisson Env,Controls,OT,7.862876201,1,16
2017-01-06,8,2017,497,abundance,Poisson Env,Controls,OT,8.820956408,2,17
2017-01-06,9,2017,498,abundance,Poisson Env,Controls,OT,9.115586935,2,18
2017-01-06,10,2017,499,abundance,Poisson Env,Controls,OT,9.540418783,2,18
2017-01-06,11,2017,500,abundance,Poisson Env,Controls,OT,8.847389416,2,17
2017-01-06,12,2017,501,abundance,Poisson Env,Controls,OT,8.725429807,2,17
2017-01-06,1,2017,490,abundance,Poisson Env,Controls,PB,0.947648358,0,3
2017-01-06,2,2017,491,abundance,Poisson Env,Controls,PB,1.548714168,0,4
2017-01-06,3,2017,492,abundance,Poisson Env,Controls,PB,2.154307407,0,6
2017-01-06,4,2017,493,abundance,Poisson Env,Controls,PB,2.566379794,0,6
2017-01-06,5,2017,494,abundance,Poisson Env,Controls,PB,2.688316988,0,7
2017-01-06,6,2017,495,abundance,Poisson Env,Controls,PB,3.063723325,0,7
2017-01-06,7,2017,496,abundance,Poisson Env,Controls,PB,3.431112417,0,8
2017-01-06,8,2017,497,abundance,Poisson Env,Controls,PB,3.646986417,0,8
2017-01-06,9,2017,498,abundance,Poisson Env,Controls,PB,3.841910621,0,9
2017-01-06,10,2017,499,abundance,Poisson Env,Controls,PB,3.997352783,0,9
2017-01-06,11,2017,500,abundance,Poisson Env,Controls,PB,4.136607799,0,9
2017-01-06,12,2017,501,abundance,Poisson Env,Controls,PB,4.201376835,0,10
2017-01-06,1,2017,490,abundance,Poisson Env,Controls,PE,2.785228543,0,6
2017-01-06,2,2017,491,abundance,Poisson Env,Controls,PE,3.025542507,0,7
2017-01-06,3,2017,492,abundance,Poisson Env,Controls,PE,3.582969553,0,8
2017-01-06,4,2017,493,abundance,Poisson Env,Controls,PE,3.758860528,0,8
2017-01-06,5,2017,494,abundance,Poisson Env,Controls,PE,3.631199098,0,8
2017-01-06,6,2017,495,abundance,Poisson Env,Controls,PE,3.66288145,0,8
2017-01-06,7,2017,496,abundance,Poisson Env,Controls,PE,3.561437679,0,8
2017-01-06,8,2017,497,abundance,Poisson Env,Controls,PE,3.30895375,0,8
2017-01-06,9,2017,498,abundance,Poisson Env,Controls,PE,3.403664179,0,8
2017-01-06,10,2017,499,abundance,Poisson Env,Controls,PE,3.565244516,0,8
2017-01-06,11,2017,500,abundance,Poisson Env,Controls,PE,3.596257284,0,8
2017-01-06,12,2017,501,abundance,Poisson Env,Controls,PE,3.693241146,0,8
2017-01-06,1,2017,490,abundance,Poisson Env,Controls,PF,0.922280042,0,3
2017-01-06,2,2017,491,abundance,Poisson Env,Controls,PF,1.811436076,0,5
2017-01-06,3,2017,492,abundance,Poisson Env,Controls,PF,2.654202642,0,7
2017-01-06,4,2017,493,abundance,Poisson Env,Controls,PF,3.440413643,0,9
2017-01-06,5,2017,494,abundance,Poisson Env,Controls,PF,4.179315113,0,11
2017-01-06,6,2017,495,abundance,Poisson Env,Controls,PF,4.898597455,0,13
2017-01-06,7,2017,496,abundance,Poisson Env,Controls,PF,5.585447018,0,15
2017-01-06,8,2017,497,abundance,Poisson Env,Controls,PF,6.2453638,1,16
2017-01-06,9,2017,498,abundance,Poisson Env,Controls,PF,6.868700982,0,17
2017-01-06,10,2017,499,abundance,Poisson Env,Controls,PF,7.464226967,1,19
2017-01-06,11,2017,500,abundance,Poisson Env,Controls,PF,7.951354336,1,21
2017-01-06,12,2017,501,abundance,Poisson Env,Controls,PF,8.434698594,1,22
2017-01-06,1,2017,490,abundance,Poisson Env,Controls,PH,9.33E-13,0,0
2017-01-06,2,2017,491,abundance,Poisson Env,Controls,PH,7.93E-13,0,0
2017-01-06,3,2017,492,abundance,Poisson Env,Controls,PH,7.81E-13,0,0
2017-01-06,4,2017,493,abundance,Poisson Env,Controls,PH,6.08E-13,0,0
2017-01-06,5,2017,494,abundance,Poisson Env,Controls,PH,6.36E-13,0,0
2017-01-06,6,2017,495,abundance,Poisson Env,Controls,PH,6.32E-13,0,0
2017-01-06,7,2017,496,abundance,Poisson Env,Controls,PH,6.21E-13,0,0
2017-01-06,8,2017,497,abundance,Poisson Env,Controls,PH,5.97E-13,0,0
2017-01-06,9,2017,498,abundance,Poisson Env,Controls,PH,5.84E-13,0,0
2017-01-06,10,2017,499,abundance,Poisson Env,Controls,PH,6.00E-13,0,0
2017-01-06,11,2017,500,abundance,Poisson Env,Controls,PH,8.84E-13,0,0
2017-01-06,12,2017,501,abundance,Poisson Env,Controls,PH,9.85E-13,0,0
2017-01-06,1,2017,490,abundance,Poisson Env,Controls,PI,0.039894881,0,0
2017-01-06,2,2017,491,abundance,Poisson Env,Controls,PI,0.037295646,0,0
2017-01-06,3,2017,492,abundance,Poisson Env,Controls,PI,0.017964327,0,0
2017-01-06,4,2017,493,abundance,Poisson Env,Controls,PI,0.015614885,0,0
2017-01-06,5,2017,494,abundance,Poisson Env,Controls,PI,0.018317451,0,0
2017-01-06,6,2017,495,abundance,Poisson Env,Controls,PI,0.024355821,0,0
2017-01-06,7,2017,496,abundance,Poisson Env,Controls,PI,0.023726744,0,0
2017-01-06,8,2017,497,abundance,Poisson Env,Controls,PI,0.027966433,0,0
2017-01-06,9,2017,498,abundance,Poisson Env,Controls,PI,0.027666446,0,0
2017-01-06,10,2017,499,abundance,Poisson Env,Controls,PI,0.027472681,0,0
2017-01-06,11,2017,500,abundance,Poisson Env,Controls,PI,0.027152999,0,0
2017-01-06,12,2017,501,abundance,Poisson Env,Controls,PI,0.067413688,0,1
2017-01-06,1,2017,490,abundance,Poisson Env,Controls,PL,0.231560785,0,1
2017-01-06,2,2017,491,abundance,Poisson Env,Controls,PL,0.280663488,0,1
2017-01-06,3,2017,492,abundance,Poisson Env,Controls,PL,0.392650814,0,2
2017-01-06,4,2017,493,abundance,Poisson Env,Controls,PL,0.410279298,0,2
2017-01-06,5,2017,494,abundance,Poisson Env,Controls,PL,0.416405053,0,2
2017-01-06,6,2017,495,abundance,Poisson Env,Controls,PL,0.420635931,0,2
2017-01-06,7,2017,496,abundance,Poisson Env,Controls,PL,0.429432893,0,2
2017-01-06,8,2017,497,abundance,Poisson Env,Controls,PL,0.431824539,0,2
2017-01-06,9,2017,498,abundance,Poisson Env,Controls,PL,0.426958356,0,2
2017-01-06,10,2017,499,abundance,Poisson Env,Controls,PL,0.425800775,0,2
2017-01-06,11,2017,500,abundance,Poisson Env,Controls,PL,0.561956741,0,2
2017-01-06,12,2017,501,abundance,Poisson Env,Controls,PL,0.355224011,0,1
2017-01-06,1,2017,490,abundance,Poisson Env,Controls,PM,0.519162862,0,2
2017-01-06,2,2017,491,abundance,Poisson Env,Controls,PM,0.78692664,0,2
2017-01-06,3,2017,492,abundance,Poisson Env,Controls,PM,0.926729576,0,3
2017-01-06,4,2017,493,abundance,Poisson Env,Controls,PM,0.997843912,0,3
2017-01-06,5,2017,494,abundance,Poisson Env,Controls,PM,1.032814071,0,3
2017-01-06,6,2017,495,abundance,Poisson Env,Controls,PM,1.053478312,0,3
2017-01-06,7,2017,496,abundance,Poisson Env,Controls,PM,1.062727617,0,3
2017-01-06,8,2017,497,abundance,Poisson Env,Controls,PM,1.066355937,0,3
2017-01-06,9,2017,498,abundance,Poisson Env,Controls,PM,1.068172963,0,3
2017-01-06,10,2017,499,abundance,Poisson Env,Controls,PM,1.069115745,0,3
2017-01-06,11,2017,500,abundance,Poisson Env,Controls,PM,1.069811538,0,3
2017-01-06,12,2017,501,abundance,Poisson Env,Controls,PM,1.070212265,0,3
2017-01-06,1,2017,490,abundance,Poisson Env,Controls,PP,1.503094686,0,4
2017-01-06,2,2017,491,abundance,Poisson Env,Controls,PP,3.349518745,0,8
2017-01-06,3,2017,492,abundance,Poisson Env,Controls,PP,5.377576179,1,11
2017-01-06,4,2017,493,abundance,Poisson Env,Controls,PP,6.807910081,2,13
2017-01-06,5,2017,494,abundance,Poisson Env,Controls,PP,7.954854738,2,15
2017-01-06,6,2017,495,abundance,Poisson Env,Controls,PP,8.50260272,2,16
2017-01-06,7,2017,496,abundance,Poisson Env,Controls,PP,9.011173025,2,16
2017-01-06,8,2017,497,abundance,Poisson Env,Controls,PP,9.384013446,2,17
2017-01-06,9,2017,498,abundance,Poisson Env,Controls,PP,9.55318103,2,16
2017-01-06,10,2017,499,abundance,Poisson Env,Controls,PP,9.768029213,3,17
2017-01-06,11,2017,500,abundance,Poisson Env,Controls,PP,10.14101966,3,18
2017-01-06,12,2017,501,abundance,Poisson Env,Controls,PP,10.98548345,3,19
2017-01-06,1,2017,490,abundance,Poisson Env,Controls,RF,5.86E-20,0,0
2017-01-06,2,2017,491,abundance,Poisson Env,Controls,RF,1.45E-20,0,0
2017-01-06,3,2017,492,abundance,Poisson Env,Controls,RF,2.13E-20,0,0
2017-01-06,4,2017,493,abundance,Poisson Env,Controls,RF,1.54E-20,0,0
2017-01-06,5,2017,494,abundance,Poisson Env,Controls,RF,1.26E-19,0,0
2017-01-06,6,2017,495,abundance,Poisson Env,Controls,RF,2.54E-19,0,0
2017-01-06,7,2017,496,abundance,Poisson Env,Controls,RF,2.19E-19,0,0
2017-01-06,8,2017,497,abundance,Poisson Env,Controls,RF,3.17E-20,0,0
2017-01-06,9,2017,498,abundance,Poisson Env,Controls,RF,1.89E-20,0,0
2017-01-06,10,2017,499,abundance,Poisson Env,Controls,RF,1.46E-20,0,0
2017-01-06,11,2017,500,abundance,Poisson Env,Controls,RF,3.17E-21,0,0
2017-01-06,12,2017,501,abundance,Poisson Env,Controls,RF,0.014134067,0,0
2017-01-06,1,2017,490,abundance,Poisson Env,Controls,RM,1.926172827,0,4
2017-01-06,2,2017,491,abundance,Poisson Env,Controls,RM,2.186484072,0,5
2017-01-06,3,2017,492,abundance,Poisson Env,Controls,RM,1.842224503,0,5
2017-01-06,4,2017,493,abundance,Poisson Env,Controls,RM,1.743500309,0,5
2017-01-06,5,2017,494,abundance,Poisson Env,Controls,RM,2.152534462,0,6
2017-01-06,6,2017,495,abundance,Poisson Env,Controls,RM,2.359231866,0,6
2017-01-06,7,2017,496,abundance,Poisson Env,Controls,RM,2.850245181,0,8
2017-01-06,8,2017,497,abundance,Poisson Env,Controls,RM,3.274253304,0,9
2017-01-06,9,2017,498,abundance,Poisson Env,Controls,RM,3.559361718,0,9
2017-01-06,10,2017,499,abundance,Poisson Env,Controls,RM,3.791398805,0,10
2017-01-06,11,2017,500,abundance,Poisson Env,Controls,RM,3.945374244,0,11
2017-01-06,12,2017,501,abundance,Poisson Env,Controls,RM,4.161882544,0,11
2017-01-06,1,2017,490,abundance,Poisson Env,Controls,RO,0.386935987,0,2
2017-01-06,2,2017,491,abundance,Poisson Env,Controls,RO,0.45086468,0,2
2017-01-06,3,2017,492,abundance,Poisson Env,Controls,RO,0.470176611,0,2
2017-01-06,4,2017,493,abundance,Poisson Env,Controls,RO,0.48442824,0,2
2017-01-06,5,2017,494,abundance,Poisson Env,Controls,RO,0.286531556,0,1
2017-01-06,6,2017,495,abundance,Poisson Env,Controls,RO,0.337272566,0,2
2017-01-06,7,2017,496,abundance,Poisson Env,Controls,RO,0.358374687,0,2
2017-01-06,8,2017,497,abundance,Poisson Env,Controls,RO,0.352321795,0,2
2017-01-06,9,2017,498,abundance,Poisson Env,Controls,RO,0.370433016,0,1
2017-01-06,10,2017,499,abundance,Poisson Env,Controls,RO,0.451609108,0,2
2017-01-06,11,2017,500,abundance,Poisson Env,Controls,RO,0.442161141,0,2
2017-01-06,12,2017,501,abundance,Poisson Env,Controls,RO,0.472270239,0,2
2017-01-06,1,2017,490,abundance,Poisson Env,Controls,SF,0.608707569,0,2
2017-01-06,2,2017,491,abundance,Poisson Env,Controls,SF,0.97558329,0,3
2017-01-06,3,2017,492,abundance,Poisson Env,Controls,SF,1.10352958,0,3
2017-01-06,4,2017,493,abundance,Poisson Env,Controls,SF,1.233309755,0,4
2017-01-06,5,2017,494,abundance,Poisson Env,Controls,SF,1.218902004,0,3
2017-01-06,6,2017,495,abundance,Poisson Env,Controls,SF,1.250996804,0,3
2017-01-06,7,2017,496,abundance,Poisson Env,Controls,SF,1.268370359,0,4
2017-01-06,8,2017,497,abundance,Poisson Env,Controls,SF,1.301152991,0,4
2017-01-06,9,2017,498,abundance,Poisson Env,Controls,SF,1.296720735,0,4
2017-01-06,10,2017,499,abundance,Poisson Env,Controls,SF,1.280313273,0,4
2017-01-06,11,2017,500,abundance,Poisson Env,Controls,SF,1.27966065,0,4
2017-01-06,12,2017,501,abundance,Poisson Env,Controls,SF,1.265099384,0,4
2017-01-06,1,2017,490,abundance,Poisson Env,Controls,SH,0.987957532,0,3
2017-01-06,2,2017,491,abundance,Poisson Env,Controls,SH,0.815990707,0,2
2017-01-06,3,2017,492,abundance,Poisson Env,Controls,SH,0.780543537,0,2
2017-01-06,4,2017,493,abundance,Poisson Env,Controls,SH,0.732785747,0,3
2017-01-06,5,2017,494,abundance,Poisson Env,Controls,SH,0.72035088,0,2
2017-01-06,6,2017,495,abundance,Poisson Env,Controls,SH,0.688420946,0,2
2017-01-06,7,2017,496,abundance,Poisson Env,Controls,SH,0.679782253,0,2
2017-01-06,8,2017,497,abundance,Poisson Env,Controls,SH,0.677133132,0,2
2017-01-06,9,2017,498,abundance,Poisson Env,Controls,SH,0.672671911,0,2
2017-01-06,10,2017,499,abundance,Poisson Env,Controls,SH,0.684763059,0,2
2017-01-06,11,2017,500,abundance,Poisson Env,Controls,SH,0.758224175,0,3
2017-01-06,12,2017,501,abundance,Poisson Env,Controls,SH,0.818109332,0,3
2017-01-06,1,2017,490,abundance,Poisson Env,Controls,SO,4.89E-111,0,0
2017-01-06,2,2017,491,abundance,Poisson Env,Controls,SO,4.89E-111,0,0
2017-01-06,3,2017,492,abundance,Poisson Env,Controls,SO,4.89E-111,0,0
2017-01-06,4,2017,493,abundance,Poisson Env,Controls,SO,4.89E-111,0,0
2017-01-06,5,2017,494,abundance,Poisson Env,Controls,SO,4.89E-111,0,0
2017-01-06,6,2017,495,abundance,Poisson Env,Controls,SO,4.89E-111,0,0
2017-01-06,7,2017,496,abundance,Poisson Env,Controls,SO,4.89E-111,0,0
2017-01-06,8,2017,497,abundance,Poisson Env,Controls,SO,4.89E-111,0,0
2017-01-06,9,2017,498,abundance,Poisson Env,Controls,SO,4.89E-111,0,0
2017-01-06,10,2017,499,abundance,Poisson Env,Controls,SO,4.89E-111,0,0
2017-01-06,11,2017,500,abundance,Poisson Env,Controls,SO,4.89E-111,0,0
2017-01-06,12,2017,501,abundance,Poisson Env,Controls,SO,4.89E-111,0,0
2017-01-06,1,2017,490,abundance,Poisson Env,Controls,total,18.98325519,12,26
2017-01-06,2,2017,491,abundance,Poisson Env,Controls,total,24.43654636,14,35
2017-01-06,3,2017,492,abundance,Poisson Env,Controls,total,27.45051786,14,41
2017-01-06,4,2017,493,abundance,Poisson Env,Controls,total,30.51040209,16,46
2017-01-06,5,2017,494,abundance,Poisson Env,Controls,total,35.24496566,18,53
2017-01-06,6,2017,495,abundance,Poisson Env,Controls,total,37.5067318,20,54
2017-01-06,7,2017,496,abundance,Poisson Env,Controls,total,40.68579481,22,58
2017-01-06,8,2017,497,abundance,Poisson Env,Controls,total,44.57655639,25,64
2017-01-06,9,2017,498,abundance,Poisson Env,Controls,total,46.92423986,26,67
2017-01-06,10,2017,499,abundance,Poisson Env,Controls,total,49.57927509,28,70
2017-01-06,11,2017,500,abundance,Poisson Env,Controls,total,51.51934562,29,73
2017-01-06,12,2017,501,abundance,Poisson Env,Controls,total,53.42178214,31,75
